{"name":"nodemon","version":"2.0.12","files":{".jshintrc":{"checkedAt":1635960574685,"integrity":"sha512-CanVvZs69gAYdmYNV3TQPHvMas/uZkhNH3CRwH3KdlVafmo0pSuWpKTwZ3JDrNSxtVbCQ24NMOFyQrKqUjXRcA==","mode":420,"size":239},"LICENSE":{"checkedAt":1635960574856,"integrity":"sha512-0q9QPBLw/aaHKTRSrzn5j1w5h+uKV88SxH2lrtZ8dhNJ5RhsFTcalvXUkMFA6N0NXovWphZBOd3gVi1u5G25Cw==","mode":420,"size":1122},"bin/windows-kill.exe":{"checkedAt":1635960574866,"integrity":"sha512-/qiklTj1/Uy4wmLBYZ+fjpBu3u99PHkb07hfAyoEmapfGLQ3CgDh9Nq5aY4ZWLBCyrRnEDWY8b2qWD6x+5GMBw==","mode":420,"size":80384},"lib/rules/add.js":{"checkedAt":1635960574866,"integrity":"sha512-eAABCV8z/koY+gbDMR81BZSd+nYtpfHAxmZbVQEZC25sRetpYzyZ4CuLWdAYE6v84rqmEVCfKg5lNkzPcZZbxg==","mode":420,"size":2662},"lib/utils/bus.js":{"checkedAt":1635960574883,"integrity":"sha512-kj7P1RA/xuJm5T27HTXhH0BYiTF3+gDMOSpihSTc2+YWyQAVok4VuYf5ccXqvg5To7EHh4vEG8c6rPHjcNZg8g==","mode":420,"size":946},"lib/utils/clone.js":{"checkedAt":1635960574883,"integrity":"sha512-7KTAeEaV1DQ1Vzcl9llAnsM6Os06VpVmWTVDnMooEiptj9werrisb725IYk61CJkZ3d+jDXjubC2crIZb04S1g==","mode":420,"size":829},"lib/utils/colour.js":{"checkedAt":1635960574883,"integrity":"sha512-sy9vfBvXWjojql8XDlNWy+G6frAx9uztcGrv+MFdizf8dxwpqCWApIqVxlM02OQbDdtVFAkWSkO/8p3vcnfImw==","mode":420,"size":690},"lib/config/command.js":{"checkedAt":1635960574885,"integrity":"sha512-Tudm2nZlMLs3LY4EsFjt1rKMpdd/YDsXUzbptej1xnfnfg6kr8B6ZCwHxI4MIJcW29nO9Parl4ZKnqUa8rSbvA==","mode":420,"size":1249},"commitlint.config.js":{"checkedAt":1635960574885,"integrity":"sha512-8IHqiiNXLkuf9BKeoEj5FrA+AkFPIoCMGL7tplKUGm8BTHEduATkm+Rou4w/ST9VA8Polz4YHNw/3Kf4gcu7Sw==","mode":420,"size":70},"lib/config/defaults.js":{"checkedAt":1635960574885,"integrity":"sha512-TBavk88GYWirFM+P5VcogDXRcmzgK+k0+NYc+7ZCddXoBat9EVPOvDSvlcXQPjpqVd1+5O9J+7MWBtp1AiXivw==","mode":420,"size":815},"lib/config/exec.js":{"checkedAt":1635960574887,"integrity":"sha512-6LIiHCnfd3HsZ97oFST8ngDxDjgZdsH4TlEXQu9ppKomVdyOmZjlhQxhYUrEq+lajKmsnjfgNhhgbQ0vxKZqdQ==","mode":420,"size":6859},"lib/cli/index.js":{"checkedAt":1635960574887,"integrity":"sha512-fHUm8rTmhcx+IGievlq/djC3ONLRWre16Udl4ObyIUkungKfcV9bOsFW09Ef/ZB+Bw0tf5aLX1+0AaqcfshOpQ==","mode":420,"size":1089},"lib/config/index.js":{"checkedAt":1635960574887,"integrity":"sha512-BgvBnhDYuc2VmGmGa0rF4HOe3XLKHmGiMKXzxzX+2m+3Wueo6hM0kBMIK+281A4wIZygnM+q1DVxBZp2W8rujA==","mode":420,"size":2511},"lib/help/index.js":{"checkedAt":1635960574887,"integrity":"sha512-P44Q0J/LUn4cF1PVDJvO8rj7cFhvNOYAwNYO0nopXwd/OA4d8v2tx4sNRopU8ypTUftcTLY44wEsljWAlNMd6g==","mode":420,"size":733},"lib/index.js":{"checkedAt":1635960574887,"integrity":"sha512-SdyYntq3tM50d7vFxnjhsfSsoPd+CtYyPTwlEWTtKLWfTRjVsCgNUxCLk+Ez6y2rVGkJPsuy8f4rsyt1j1nnKQ==","mode":420,"size":38},"lib/monitor/index.js":{"checkedAt":1635960574887,"integrity":"sha512-gJR50LB1ybyz7vZnDN1lKmyvOex/k/HX3eDu6KeS1RgjjPqfeKLsGhHrv+sA0qEX0lsZhxivZox/NWvD+T68HA==","mode":420,"size":82},"lib/rules/index.js":{"checkedAt":1635960574888,"integrity":"sha512-hayCB0EN66UtO1j88w5GjuRrEHNUS2E3a0sBXliKUpc/76GSoCe/6AGbbP7e/DxMHLT7DuiOfC74jaHH7Q+esA==","mode":420,"size":1260},"lib/utils/index.js":{"checkedAt":1635960574888,"integrity":"sha512-q93cEL73ii974hNo6LBsoXzYaEejWusGWCpJCUVvcV9iInGM/Af7B+cxl1E4L1C3H1s09symKGf3W3TjppKc7g==","mode":420,"size":2580},"lib/config/load.js":{"checkedAt":1635960574889,"integrity":"sha512-mSx2MH3y+DdD7g5UqvRHAjPwWvyEPg3pU73G/lC/0ZCAsgazoIOK1oEo2VgBOVkH0UJUfKZk835BFGCr3cI6cQ==","mode":420,"size":7613},"lib/utils/log.js":{"checkedAt":1635960574889,"integrity":"sha512-cM2uHhmD/HvtO+4k9QGW7CgXUudWfVxNWqKFkXIUFCLz62p//pFlxAjV4zVNfBOf2QOCxz96wN4WpYQCId7jmQ==","mode":420,"size":1738},"lib/monitor/match.js":{"checkedAt":1635960574889,"integrity":"sha512-gBDnG+GDxLGgLO1kjwg75MjkvprEdOFAXZHZkliHsA/tCqB9FbmUhGQXpI6/doxUAvXQsATPkQfLRBSbrD2mVQ==","mode":420,"size":6730},"lib/utils/merge.js":{"checkedAt":1635960574889,"integrity":"sha512-z1Zf6nwLJFO4J2/CW14LVGsO957r3qQCKu3P3reGZofJJdlctNVt5BPVPbUdAxaLgwI4PKn4sEw7XlAf074Pqw==","mode":420,"size":1186},"bin/nodemon.js":{"checkedAt":1635960574889,"integrity":"sha512-hLgvahMvsrlu8nNCnMInbI5Ng8WFQfNXoWN8Sj3KUG91wvxfZy7Ph5b6cperykvj2rd2mmfUK/ub3WvKuTu6og==","mode":493,"size":438},"lib/nodemon.js":{"checkedAt":1635960574890,"integrity":"sha512-klBtmYI9a5trt8KN3SOe64Oj8y6YaoOKEzlgXxiq4Jo8PtRsEwuwkdbk/UTsKn/Taa5e/fAwvuFBuhtZbrRgrA==","mode":420,"size":8777},"lib/cli/parse.js":{"checkedAt":1635960574890,"integrity":"sha512-H1a7xIVvvv0h9t4HOHEhV7kfE4inGpV8N0RLYX7hYYhYIrIfz05+/hTVr1S5cG2Bgay7KG29dSXJGla1PcORvg==","mode":420,"size":6039},"lib/rules/parse.js":{"checkedAt":1635960574890,"integrity":"sha512-g+p6bTGEVULPA/Sye+kgh+QXul+ZXsdAgkRA3fkpMtNiNXa3oQIq3iDe7/LxdB1hfjLf7aUu+1+4XpvijeJ99g==","mode":420,"size":804},"bin/postinstall.js":{"checkedAt":1635960574890,"integrity":"sha512-m9vTRoLPOYGakUitBnN8ePsLLrJPBKwuDuos4H2nLRB2HYtJUe/29O09/yDAnZY02CMoTM5bwE3XuqeJ6eoqVQ==","mode":493,"size":894},"lib/monitor/run.js":{"checkedAt":1635960574903,"integrity":"sha512-BU5ZXkjYBKu4Kr9PmI656Zw9rHc+0KS+7XD7xIDfMDa0sSGoX6g/QMrIzprTizrO5PjZkwejJrIfriSuD0kufw==","mode":420,"size":16216},"lib/monitor/signals.js":{"checkedAt":1635960574903,"integrity":"sha512-laOCkHrEZdldsMxBBVA46DntkWTUAQADwI5rpEVsGbUBWMkIuNKH7qCaFT44/cx/mowAUvNesGkkNijglodQ+w==","mode":420,"size":488},"lib/spawn.js":{"checkedAt":1635960574903,"integrity":"sha512-pksNbVo6Zn7nGTR0HaZGNveTfm3hH9c6q+WqyfV5YThRaPhEGd6E4eoFepsXY5EEgH2TNqfVZXc6BPCbYkCGwA==","mode":420,"size":1893},"lib/version.js":{"checkedAt":1635960574903,"integrity":"sha512-kWdpCwrXLIFcPYxyJ7qNNXSsurlSNt4N3qKMc/aiiZ3XAO+Qg7BtK62tGcIWWak6sQHsxDmkIpLSVA7Ywv88Xg==","mode":420,"size":2465},"lib/monitor/watch.js":{"checkedAt":1635960574903,"integrity":"sha512-suvwj0TsaQUJhoUnvPKPm1VhX5XSD4Gb0RdiTgbP9babhsSq5XgVetdgkwGR4v44B7zoHueCsg3snJTrUx9seQ==","mode":420,"size":6454},".eslintrc.json":{"checkedAt":1635960574903,"integrity":"sha512-WzRxtNQ7zEdua5EUyUx4uT0Z67bMSG9hY2LD0kneo6EjTLS0vrTmVatOddl0br6P+tI5WumZRBIqNeN5aGEUJQ==","mode":420,"size":360},"package.json":{"checkedAt":1635960574903,"integrity":"sha512-9YCScxREFQvFBLQv9OzA+cGYSGQ+vLbb8hrXptausUM+Y0uDQzHUOFrWKCvMK3gnIyZlcsaOiQOw92D8ghe47A==","mode":420,"size":2161},"README.md":{"checkedAt":1635960575482,"integrity":"sha512-mVEbiEc29Huz9+d7/DcTtpsaHr4Gn/Yh1/2dySzlQmi7IKbXYUHw6FfVLyR7WImtQG6nAHdTzMWmm/1ZspdK4g==","mode":420,"size":19211},"doc/cli/authors.txt":{"checkedAt":1635960575482,"integrity":"sha512-/xPJQW0p2aP+Y24U/WPlQkEppucjZsBrG648Wgb2DLvzUg2GjEktRyRQ415UeIG+k5VbKe7WPmaXlZLaV2+L7w==","mode":420,"size":236},"doc/cli/config.txt":{"checkedAt":1635960575482,"integrity":"sha512-x7mkv03n0Tu0W024V1EctBGnkn7k23Wa8mOQXgHP2o2VR30uLWrWxRyfMBcQ4g72S1Sk0VCC9QVGgNqc+8oRRg==","mode":420,"size":1158},"doc/cli/help.txt":{"checkedAt":1635960575482,"integrity":"sha512-sfF0MA7ljhZnbujM+uTkh5TtVBLYngzA2KE07AVd+9tZbQq0OrN29Grb92z5cCEEVb9G7WZoOdaTV9De2MBXrw==","mode":420,"size":1268},"doc/cli/logo.txt":{"checkedAt":1635960575482,"integrity":"sha512-UF1CfG0K3WGODFT4B55DA/7nPgzNnE7fpntEZgzl1d6rT6wJYBAC9zz9APRFZAppzp/po5uKDzA5sgD1v/BY5w==","mode":420,"size":799},"doc/cli/options.txt":{"checkedAt":1635960575482,"integrity":"sha512-a4NyZINx6kasmNxJ7JPLLvucyB916O56Xh8KAbe/IJypLgdknCJjByI3Cx8lTpVup//kvmjQ+e9Bl2b5DcgP5w==","mode":420,"size":1869},"doc/cli/topics.txt":{"checkedAt":1635960575482,"integrity":"sha512-TAXJXyEiW+eTBRv3mSVfbgIRReF8o4RpeHeqna1mMD2L225HdRQz6vF7Itx2Z1jLeZA0o04eeFGoMoqVtnhCcw==","mode":420,"size":325},"doc/cli/usage.txt":{"checkedAt":1635960575482,"integrity":"sha512-4U5Bch7ku6be7tzFeGoRMELNWVAk60Eep9h08oJUfFlD298et2dNdS67rBasThyYFJuVftXPNiPoWlYaQjVORQ==","mode":420,"size":88},"doc/cli/whoami.txt":{"checkedAt":1635960575483,"integrity":"sha512-6QbvRP8Cc+TfM5e6cZwXPIepkZt/nSWA4sM1T7oi9psMCgIOsEnSdpNNvGb0l7J50VwTX6DhLgSs05gC/F3+/g==","mode":420,"size":1223},".travis.yml":{"checkedAt":1635960575483,"integrity":"sha512-XebLwlb46oR+/XPczm31XkUucj6ia5wD4XjIXKVuAKK3nyiiQ+jWeQQgLHqp/Y/OXuhMJTEk7a+5g4NzZMfU2w==","mode":420,"size":345}}}