{"name":"abbrev","version":"1.1.1","files":{"package.json":{"checkedAt":1635960575144,"integrity":"sha512-kBxo2oPd6ZNtsW2S2Hr6zpaWKeTwsl/GtlsEYPpmCnUJ3t37cHKsHuWf4Q+OSd/o7w91crvQTrN2HVLGeMA1mw==","mode":420,"size":509},"abbrev.js":{"checkedAt":1635960575154,"integrity":"sha512-DK2qkMaPglZfPyad8BBpOKl6bQux4faTqCXuk0PFriLwwcJYc1ShAOfoEck125f1wyDgAomTkll2Zt8cNPKtUg==","mode":420,"size":1763},"LICENSE":{"checkedAt":1635960575154,"integrity":"sha512-+6giDj3dbUVfNlZOPJHDilCKddJur7qbH3YSFrH6P7sqAaRzZpTZD+gdTdh/gdMhXIzBGkjz040jHcTzQC1a2w==","mode":420,"size":2011},"README.md":{"checkedAt":1635960575724,"integrity":"sha512-p0MY80RHnNl24AbUqvTVrP4RMwqrAI5+RinRMr0U7b2yHQrUcIOpCrS/JG/0qUVoqxI4IZR7ZfWbu/PQ9TPPlg==","mode":420,"size":499}}}