{"name":"undefsafe","version":"2.0.3","files":{"package.json":{"checkedAt":1635960575141,"integrity":"sha512-zjWCw3pVKnsgrzhXQ2C92gmfSy/xR13rp2ZujksH39PrX0xP/UbhFkiW0JQuIAOEEm9TkpvwG2IMVMnKJdEvsQ==","mode":436,"size":851},".npmignore":{"checkedAt":1635960575141,"integrity":"sha512-FSCzpY4G703LXSf3bF6ls9yn+e+HmUU8Id3Q3t3cPvfoDCQLmOSn6bZPsmkR6wmdKKu4lavvPY4wVq2WfC6q5g==","mode":436,"size":24},"README.md":{"checkedAt":1635960575141,"integrity":"sha512-Vd6BwbnCsW7uY6uHci4zYOAWycWvNiyr1+wqDfRxY+g2LA41RHnO665Ln1vWqu+BtZBcwlUI75oFYFYHdlKp4w==","mode":436,"size":1414},"LICENSE":{"checkedAt":1635960575141,"integrity":"sha512-u7a41YlGshEr/5xsANalQYzKtW0wRcBolAbH7PZYjTxxCJHF88o5KEPZWHwxQRyoD0pabVgnT5zEDqObM53Zvw==","mode":436,"size":1119},"example.js":{"checkedAt":1635960575141,"integrity":"sha512-OV6p1cjZFrFiQ8spGrJiYlTdLfttN49mQidgekVGqQ8h2CZ7xsyjhpI111n4iptFUuI7vbhHP3PWBj3y7lTv1Q==","mode":436,"size":245},".travis.yml":{"checkedAt":1635960575141,"integrity":"sha512-pgRRVtcO469HrzcLIkhUkmVm0aRqccRoKuToEmsmDiwDKkSaKq3Pz/0XzX9EyTqvCmAbrgEMHwZwroMSbH8qOg==","mode":436,"size":283},".jscsrc":{"checkedAt":1635960575141,"integrity":"sha512-YH4xRaKDqeHDZ0GY/iy05vyIXL0igrWJmliWoXsRNPWVVopsRgOdzDh5ouW4K3rDyLKX9l4JfFI54gOAdxLsyA==","mode":436,"size":364},".jshintrc":{"checkedAt":1635960575141,"integrity":"sha512-90ZZ9vo8AvdwyXmxHyNfzgYBVbrxBQM9fBbOGKT77qQ1lIW2cIZW0yb59wB3T3Dme+N2oOURGY/ZYjYGIHRS8A==","mode":436,"size":240},"lib/undefsafe.js":{"checkedAt":1635960575142,"integrity":"sha512-MwDiB816CE7AlmO3IJ+jyeX3UaqGNj4SLJk0kxFOUISgliN1Kpo6xuSDDVmXIdWIrbAxAQpnBVs7sRjp14vTiA==","mode":436,"size":2595}}}