{"name":"@sindresorhus/is","version":"0.14.0","files":{"package.json":{"checkedAt":1635960576437,"integrity":"sha512-jjZAho1OUntOoKQxzThKFTnpg+SMQJPUZ4Ov3HJmlUBSMFPPIggEpCKVFqRAOz3aUZG+wfxCxedGT4pM5aMQIA==","mode":420,"size":1256},"license":{"checkedAt":1635960572376,"integrity":"sha512-nIst73auX/5NY2Fmv5Y116vWnNrEv4GaIUX3lpZG05rpXJY2S8EX+fpUS5hRjClCM0VdT2Za9DDHXXB5jdSrEw==","mode":420,"size":1109},"readme.md":{"checkedAt":1635960576438,"integrity":"sha512-p69cVsEfANmgMnv1I52cawq2iJWlNpx8e2mM576wCsTPjW2eF48JM/kojRmABl7sJ8BPm10ECEobLTCplxOoJg==","mode":420,"size":10313},"dist/index.d.ts":{"checkedAt":1635960576439,"integrity":"sha512-Bfg2cp+QNehT9xvxtL1raLG9ki/cWgO+MPqOXI0iPB8gtluTyNHVEgO+QJAEoxx1ZMt34+kgma0BeGfcL9Wd/Q==","mode":420,"size":6063},"dist/index.js":{"checkedAt":1635960576439,"integrity":"sha512-K07HfX8kEYeWjvuXvG0ChXiK0kDCc/ZwabMtST9zCFaxou+ipcql5qIndxQJMR+kAlay9j/ml8sA2wZj3RkuKw==","mode":420,"size":10891},"dist/index.js.map":{"checkedAt":1635960576439,"integrity":"sha512-LL5dmbl8i9rgdStdruH8gFEYR1BkM7/kWXyS9cTaO/IMw1vqYIRhhSApy11MfBd3ZI+quHLyoGKYE1WxjLQtpA==","mode":420,"size":10526}}}