{"name":"@sindresorhus/is","version":"4.0.1","files":{"license":{"checkedAt":1635960572436,"integrity":"sha512-0fM2/ycrxrltyaBKfQ748Ck23VlPUUBgNAR47ldf4B1V/HoXTfWBSk+vcshGKwEpmOynu4mOP5o+hyBfuRNa8g==","mode":420,"size":1117},"dist/index.js":{"checkedAt":1635960572614,"integrity":"sha512-3jibthI5kwoXEhO0h8jp21fHbZTlk2AryyxkWmT5idoCxR2UBQJgjTPGkeNb2hkydEz/NWouAG/l7PUmOFfR3w==","mode":420,"size":19871},"dist/types.js":{"checkedAt":1635960572614,"integrity":"sha512-J8mJXA599wVc/gMb0t0iE2RpvHonu51NqP9B0oOXTsQmyj//TBWIp9PzMtQe3Hwjy2KVWmo0GtroEHRfOY+keQ==","mode":420,"size":194},"package.json":{"checkedAt":1635960572614,"integrity":"sha512-2ZcMR9wJ0+qNY/NpUN7a6uum9ckPT2CMn8hmrzMxlJXkZLyYvxTu/o6J7wW26OyIo3VDqlipo1eXuEf3UbAG6g==","mode":420,"size":1826},"dist/index.d.ts":{"checkedAt":1635960572618,"integrity":"sha512-W00jBhv2z3AW+ACvP3c2OlSeKVxhW1cibTamHNwTJZko6WsXWrDzjhml06mzExT+HRlQc3bNO9ZodYJ1AMgDrQ==","mode":420,"size":13613},"readme.md":{"checkedAt":1635960572618,"integrity":"sha512-VXCYKNrUS1K5yNthA4CHW/2MnJXV0oIdMSF6t04j2QoWxU4t1hSuv2ZufZfosuq+h7dQoJj4JpmCN/9Z/QBqiA==","mode":420,"size":15596},"dist/types.d.ts":{"checkedAt":1635960572618,"integrity":"sha512-LqYZ/HQiPZtRk1GDPEOm5RaKvGQ24MVxXLwlYmQ5qER6fSR+e7Rsoj2tSbsRx+eCodnFe1+pOlNKWwLghX/4Rw==","mode":420,"size":1109}}}