{"name":"@koa/router","version":"10.1.0","files":{"LICENSE":{"checkedAt":1635960573063,"integrity":"sha512-bFZ4sBXlY3TMxfqMTeZTzdONu3VTYB3GXaHUhrDLv6MtEBv4M2nc9Lq+ehCIFiZVVeC9eDl8r9Gr+23pvuY3fg==","mode":420,"size":1147},"lib/API_tpl.hbs":{"checkedAt":1635960573063,"integrity":"sha512-YSkK+xkv4kOO6oHgNu40Q14chJZxo+ixPV4YRsriAeqnvteh4O3mbI9FOFGm+HBmP8pYDdPM746r30O9Bq8FVA==","mode":420,"size":112},"lib/layer.js":{"checkedAt":1635960573063,"integrity":"sha512-GEFfP2TdpJ6nn8eUUzZmrcA8YcaZzfEzmcx6SkxX8KcpFUBF1XJl6H+5UunwXeP4a9Kake47bKlWiHH79fZ1tw==","mode":420,"size":5936},"lib/router.js":{"checkedAt":1635960573065,"integrity":"sha512-swUIvB/157YZ0sSsvrNqt/oetRkmRN0zXMVOeSG5I0U2FdsersO8M7jGvDpDtvixkeqFVDFR947h6zBzxdMvTQ==","mode":420,"size":18971},"package.json":{"checkedAt":1635960573065,"integrity":"sha512-esMPOXKnOMkZmGa8IOWvgIEXWWTPG0Fh0PE3ijDuZmxMmw+D/hCdbGY7Z9vANTajDI+Gp5agLeHMIoQ/WvL/+g==","mode":420,"size":1251},"README.md":{"checkedAt":1635960573080,"integrity":"sha512-DEJ69ObVyXGUHcrkK8gdnrgyPPE5b5q4J8U0gWP8LWIuj3tX7bO1zy5johLthHZ7I7UloTyd1OoqOgOriL1oag==","mode":420,"size":2203},"history.md":{"checkedAt":1635960573081,"integrity":"sha512-3Ef4y3g9XBOkEoyQknooQCbNIeqDVxBsj85N9d//YeoGDAuXeKJM5o4Jt1v8VczMsCIhElhSFAY8jniG60BbNA==","mode":420,"size":6019}}}