{"name":"package-json","version":"6.5.0","files":{"package.json":{"checkedAt":1635960576437,"integrity":"sha512-Nux9eZqXwF0RcWrwqqKmlmCGhA40vLLBNm5FJnhzej+5MWsGUhGAUEtFaZMoC4QhcJvWSTDOaUZE1ujeHkCkjg==","mode":420,"size":813},"index.d.ts":{"checkedAt":1635960576437,"integrity":"sha512-3Xv4S3ZxWc6vG6pW2mpvMBdJBnPUQRnHJvFRicUyoGByOLiXgmmsJREbfAujNm9rmfjivboy7lc/4dwamr2hLQ==","mode":420,"size":6001},"index.js":{"checkedAt":1635960576437,"integrity":"sha512-FKx1rKldL3ZYg/re073xTI7vASQ1nxbiRVik22nOCfpmjUA/88ZoUukMK6CbaaOxDKybC5vgX222Cbhv+raZMQ==","mode":420,"size":2789},"license":{"checkedAt":1635960572376,"integrity":"sha512-nIst73auX/5NY2Fmv5Y116vWnNrEv4GaIUX3lpZG05rpXJY2S8EX+fpUS5hRjClCM0VdT2Za9DDHXXB5jdSrEw==","mode":420,"size":1109},"readme.md":{"checkedAt":1635960576460,"integrity":"sha512-PGgxG2Jm25jo1ok/MmnQce7UeqU87yig68wg8oZ857nBlsYA6tBOPjG+UDlChrCcZek6K229W5cBuGr0CeILdQ==","mode":420,"size":3565}}}