{"name":"semver-diff","version":"3.1.1","files":{"license":{"checkedAt":1635960572376,"integrity":"sha512-nIst73auX/5NY2Fmv5Y116vWnNrEv4GaIUX3lpZG05rpXJY2S8EX+fpUS5hRjClCM0VdT2Za9DDHXXB5jdSrEw==","mode":420,"size":1109},"index.js":{"checkedAt":1635960577508,"integrity":"sha512-yEc0eXw1mGHx2fkEraphbMy9YpudiWv1YjHCeg4NSxBas4GplaAjb+vABh5GnMWUwznLVO5DnvfthIZolgLCsg==","mode":420,"size":287},"package.json":{"checkedAt":1635960577508,"integrity":"sha512-+hHeBpq9rpYwXH59EVBH2eb4ZTsF39Q9f8QKlABg4CN/I0PNQZITGTKBuujLNBuR38F+NbkJi0qWOPqeAdcklw==","mode":420,"size":637},"readme.md":{"checkedAt":1635960577508,"integrity":"sha512-kLX4QT/lSSvrK4/NL07wrWZf3mNtkfutNlYdNFMc09INjdZ1ZEzus5YnzVBZbtM2zhvpsBScgpKdULpq318Kxw==","mode":420,"size":2128},"index.d.ts":{"checkedAt":1635960577508,"integrity":"sha512-NpXyUi/I0/wEPXILg07ee7Nw4IGiVUopOgesEjmZzFKaN3Wwf1VKgggQzEjqnUEbJfst5akhMdF69RiXC9mTPw==","mode":420,"size":1082}}}