{"name":"boxen","version":"4.2.0","files":{"license":{"checkedAt":1635960572376,"integrity":"sha512-nIst73auX/5NY2Fmv5Y116vWnNrEv4GaIUX3lpZG05rpXJY2S8EX+fpUS5hRjClCM0VdT2Za9DDHXXB5jdSrEw==","mode":420,"size":1109},"index.js":{"checkedAt":1635960575433,"integrity":"sha512-QbziDMDee6uZcOBBn8FbAY3jGhKlDILp1nq9Kl2cD6zsBtUZd+5jTAoXaiX/w1/eFv924ywHOSstuhQyhwsIrw==","mode":420,"size":3844},"package.json":{"checkedAt":1635960575433,"integrity":"sha512-M+MUkkQd38v7ftKgJeE7vIj/sGRQHizFx+GlhsgRQyd8iSlwIGR4WIkRU3Hmrb9+npJXfP79ZJpa28XUlzGisg==","mode":420,"size":898},"readme.md":{"checkedAt":1635960575589,"integrity":"sha512-dX5UBp7EOJpbh1LJyYNAPDMudkxFgCARW+zN8l9LaO4KxPYpVb15c4GtDWMa2s46IH7mQVefM5QPSgX6QZw7pw==","mode":420,"size":3741},"index.d.ts":{"checkedAt":1635960575589,"integrity":"sha512-xOf/R/26e5Z6AYtNH61hPy87UXZCbxlX9uv6kOQDMc0uNjFkW4+/TDk328/YfWsbAie0rzVfAn/NEvx7BXcD8g==","mode":420,"size":3069}}}