{"name":"path-is-absolute","version":"1.0.1","files":{"package.json":{"checkedAt":1635960575176,"integrity":"sha512-IhelNAiFepmsncBcCbBVWAif1Lx0UBSERSv1E+8QCCWdnpWI7oJGVATNE+CTEFppMsG3erLUQwLA5Kq+AkXS5A==","mode":420,"size":733},"index.js":{"checkedAt":1635960575176,"integrity":"sha512-qBuLyosHHR1rhtuGeoMlKMX7ZVB6Gi5vw5MGrb09eV2pMqxzvie799SW9wJC8H3FhlcDPSyp2FtSDCfAHpMiwg==","mode":420,"size":611},"license":{"checkedAt":1635960575176,"integrity":"sha512-rnnnpCCaRRrva3j3sLiBcOeiIzUSasNFUiv06v4IGNpYZarhUHxdwCJO+FRUjHId+ahDcYIvNtUMvNl/qUbu6Q==","mode":420,"size":1119},"readme.md":{"checkedAt":1635960575176,"integrity":"sha512-65TCpQkvWIw4kunpD3lsF3BE+63v1D5pUd3H7bDqAtygIuAdV6Fuf+Q+h3gF2T1hDk/C5+GBaM8n00+BiNv9EA==","mode":420,"size":1153}}}