{"name":"get-stream","version":"4.1.0","files":{"license":{"checkedAt":1635960572376,"integrity":"sha512-nIst73auX/5NY2Fmv5Y116vWnNrEv4GaIUX3lpZG05rpXJY2S8EX+fpUS5hRjClCM0VdT2Za9DDHXXB5jdSrEw==","mode":420,"size":1109},"package.json":{"checkedAt":1635960577313,"integrity":"sha512-eT6Z1+rm+dBDJuory4uuYcfCwtY4cgnfiRDq18noKEUQl59hfMdIq29uy1t5pi8Ta7pMJPmnYrOvRLv72F6ULA==","mode":420,"size":713},"buffer-stream.js":{"checkedAt":1635960577313,"integrity":"sha512-XxQzmP8Df4g/s3sCXxTeFjpgZo7zuC+FluGdmdLtNKN1TwHxXccM0AUfO4avcKWMyS5iGkQnJbvOSKGk+UP2fA==","mode":420,"size":841},"index.js":{"checkedAt":1635960577313,"integrity":"sha512-geO8SOgVUAkTLV2DW9XTNqlTBI0JjFljKuPdnWSza66YpP/7ZtVAkQgE4+vHoJ8BeuR2K0rsbc2VlrIffdA/IQ==","mode":420,"size":1251},"readme.md":{"checkedAt":1635960577313,"integrity":"sha512-T1TC9d+Iq6eJ5jFq0VgRFRNK3n8KIc65TL0nrAZg3cTR7g7lp4DdPnh3qxzkrhfLzssF6kkK54PWYn6crx+j5Q==","mode":420,"size":3963}}}