{"name":"buffer-alloc-unsafe","version":"1.1.0","files":{"package.json":{"checkedAt":1635960577537,"integrity":"sha512-y5aGlwuzm3mEkM288oi2x52+KWDjzCmxx33ln3VC6BjCNnkZm12mz+eEDOlsSZNKVvPG/KpR3J/6CHC46wHIMA==","mode":420,"size":430},"index.js":{"checkedAt":1635960577537,"integrity":"sha512-Qpm2b8StTaUmmY2QkxwIabP/Lg8mAHiQm84uCKwxFizgA1ct5EXxRTAj5cLKQHPnxZMMg4NNs0muz0tgBwvCbQ==","mode":420,"size":356},"readme.md":{"checkedAt":1635960577537,"integrity":"sha512-i4xgfXHMxtVVbvlvCXweZxDBDOiXoukjog38RQnkUJrAcF/zMygDyf8hlFBXRfMIAEFKXO4IBGVsLzMvpc3MeQ==","mode":420,"size":1150}}}