{"name":"co-body","version":"5.2.0","files":{"History.md":{"checkedAt":1635960573887,"integrity":"sha512-bI2GNMDrx6ED5nXX24JfIsBl7LSO+peVaEC4mOpYKfg4fnG//360uKfqCt7VVZ7NoNXEStv2djbPYTCYO6HA8w==","mode":420,"size":1776},"index.js":{"checkedAt":1635960573887,"integrity":"sha512-fT7UcciDCMG603xzMDtG+kYw5L71zJktHVIDhaQv19xjkdFInADW7uIDgx1vJPI9CrFeXclGVjgMHdiiz53xTw==","mode":420,"size":163},"Readme.md":{"checkedAt":1635960573887,"integrity":"sha512-KMyf6QPRW/jWhvt3fz6AaNLAXTq4pa5gQSQAZF1GFl8GDSzXwknLOEkGoYKjojNQAv/tFnC+e989Iz/qDo3ybQ==","mode":420,"size":3099},"lib/form.js":{"checkedAt":1635960573887,"integrity":"sha512-t4151Pjdz/h8RrnqOjsY7nHiRSvt018ipxSu+T6BNmWSZ0mvKFJAmdPzyUq/b9WHs1G9X4c5gslP28fFG7hRyw==","mode":420,"size":1365},"lib/json.js":{"checkedAt":1635960573887,"integrity":"sha512-kapu2FiURZrHBwjD3bwSFIYWxSrWTa/gr78tXmUk4EBYYPa7HbhXYf2TRh5hRRVIAb74WYu9NKtV8T2XmRIUkg==","mode":420,"size":1621},"lib/text.js":{"checkedAt":1635960573888,"integrity":"sha512-oIxbdE76dv5N48Ka1wpY9FyPubF99A06rPjyZP6eEtifKi+/tOhpYfend6XwqVSJ+oqKiM0ZSTJxpqw5kQedzQ==","mode":420,"size":1054},"package.json":{"checkedAt":1635960573888,"integrity":"sha512-lDpoKjCfox1NCm5NhZ/qNhQ/nlA+PRof6cpmn1G2XRulp0tXx6Dkc/kn7+sBClS6HoYmzfQdKYekQfjidTZlEA==","mode":420,"size":685},"lib/any.js":{"checkedAt":1635960573888,"integrity":"sha512-EbeEqNun60f+MHyWbroSwa0MX84fmvBe4hcI5z330HR4Ljeem7xqEyX8AjLMBEipvavwDs19tEbZOBvok99qrA==","mode":420,"size":1204},"lib/utils.js":{"checkedAt":1635960573889,"integrity":"sha512-mG5Z979OS7/EC9k/iKCbaWokp7hZqHaQAsrOoTlU11e0Yfbq9LHqIqNOa/FJUw7JIslljhdL5zcQYQ2zapnJzA==","mode":420,"size":189}}}