{"name":"semver","version":"5.7.1","files":{"LICENSE":{"checkedAt":1635960572966,"integrity":"sha512-P6dI5Z+zrwxSk1MIRPqpYG2ScYNkidLIATQXd50QzBgBh/XmcEd/nsd9NB4O9k6rfc+4dsY5DwJ7xvhpoS0PRg==","mode":420,"size":765},"bin/semver":{"checkedAt":1635960575055,"integrity":"sha512-EnkQD+/jK8djDtYIjE6kMak0YKul+7rF5R6Q6rZuRBF+OYc0XEVbRl4hn7lsul+21EtFRNPjFwracHS+zUYMuQ==","mode":493,"size":4418},"range.bnf":{"checkedAt":1635960575055,"integrity":"sha512-QFWaLEiQU1s/JlrBiOQMDjjkPPmcgrV2EXQZ398F8wdbGszuVgmkqJC/yPJ5zEDXGKsgFteRUnpGI4Ed4TLnGw==","mode":420,"size":619},"semver.js":{"checkedAt":1635960575056,"integrity":"sha512-8ovORk7GqN1Dws2D0hHxaQfNcFT9KJMBdLETREovwtaP6pIAAOP26EQ1/5TmIBYquOWwpC6Ss9wrjRz8YuQogA==","mode":420,"size":38803},"package.json":{"checkedAt":1635960575056,"integrity":"sha512-BTR9YcICYndetvL91sMIErwFv24eJRrzt0JhsHwl13I3yIu2zi0VTK53WA6BblG1zAyHsEpl+MT7bauC2Afo9Q==","mode":420,"size":578},"CHANGELOG.md":{"checkedAt":1635960575056,"integrity":"sha512-fV/aLTc7ROki2VbJHixIilRQfJZSAgUkJFaYxK3djGNfTDzxds6BCjkzfadLyPUH4mtued+L37Np6TmceRKQXQ==","mode":420,"size":672},"README.md":{"checkedAt":1635960575056,"integrity":"sha512-YzgdJcDIhj6NV7qbk1hspxRIyHFkweLF+YoVG4Jj218J+ffWxqjYZmudTfejNkzZ/J2JjrsWP24s9o2Ci3ewuQ==","mode":420,"size":15723}}}