{"name":"ee-first","version":"1.1.1","files":{"LICENSE":{"checkedAt":1635960573350,"integrity":"sha512-UMHacIyP0mdeqn3RwddNQmJM+tRnkJ36atiCfecziXFoderaQYtNoFYpZyiyjcCVnPdjkihNzO1GiFfR8hhqmQ==","mode":438,"size":1099},"package.json":{"checkedAt":1635960573782,"integrity":"sha512-VN5hxqtCgQT5pVns0994aKt/G1yLhaP2WMjasT1DW9B2bGtIF4odW9CDsIKfZGEVjjA1OMfQh2GyAbF/fJlAsw==","mode":438,"size":859},"README.md":{"checkedAt":1635960573782,"integrity":"sha512-Mwn5M4bxqCdfjvHXay4kLIKHw5ZivlZ6UB3uAXtVZMDx5zujMoFv1jh9pUl5GKWygk3A2pSmsezXqHyF8fsq7w==","mode":438,"size":2617},"index.js":{"checkedAt":1635960573782,"integrity":"sha512-jmeeol+Cko7X1VpuLAimR8ZFfYR0kVVxYnO6OzOgMMJi3TWaO7sSRlpY49yJvOycP7fpzmSz7PvysU30m52v6g==","mode":438,"size":1684}}}