{"name":"streamroller","version":"0.7.0","files":{"package.json":{"checkedAt":1635960574331,"integrity":"sha512-R/G+G6203nAj8tR2B0Gd71I3dpZ9QEjPuvmGj8kNTyxELSO6BbSIf06E20FXeji07XwFlokyTL0RdBssjvvx3Q==","mode":420,"size":938},".jshintrc":{"checkedAt":1635960574331,"integrity":"sha512-FOejgrhWpNVGmcE5nAZ+vrgfCXIsioXJAyCA5WEaucLcrtmQDJNCqZPRz/7dZt8GXIlhsmaToYj1QoKJyOnxAg==","mode":420,"size":272},".travis.yml":{"checkedAt":1635960574331,"integrity":"sha512-T3qNoC/aG80ExTyGrUhiFKwFqSX9IZ03q+DT4YfS/YsJ9AUbxNqUg4wHcjc4XTQnmG4bM8Aq9jUP/WK31QvJPQ==","mode":420,"size":90},"LICENSE":{"checkedAt":1635960574331,"integrity":"sha512-h0rdBsDqtWC45/uheGci7eRi/yJj7PMuAZIPfwkHIjmvyNmgViiGWx4UOIr39jHuVX3SK01j5E3qp8czGjInBQ==","mode":420,"size":1079},"README.md":{"checkedAt":1635960574331,"integrity":"sha512-F8qHukOuvfAQm/b3Wg9PbsJ246gCDQm/FyHY0EJBKCq4Zf4ZeenY4FN8zKAHp05CYVKqjmW3h4Khz7XCuvE8Rg==","mode":420,"size":3370},"stream-test.js":{"checkedAt":1635960574331,"integrity":"sha512-KO9CmEUDNV+YF1rjDdO1Ja0iBMzkzmWvZYAKUY7JO0+6czIGkhVfNEaN5873BiYqZNGGr7ZzweOqktHdsSO4xQ==","mode":420,"size":449},"lib/BaseRollingFileStream.js":{"checkedAt":1635960574500,"integrity":"sha512-yJlzTPtWMGpFZGnSoUnYeZBxgGb7fHfTg+LkY404692MuU/YsrdbD81NjIH1GkzI72mP74a6ngzATloP3O8kZQ==","mode":420,"size":3625},"lib/DateRollingFileStream.js":{"checkedAt":1635960574500,"integrity":"sha512-zxBxw6NGiyQuTvYG6ytw+e8Ybp769qCOdKSPI7cR8X8GM2Fjj7ch6vOEGIB842Nokcj+cDMp8lP3ZXLWBWlKQQ==","mode":420,"size":4721},"lib/index.js":{"checkedAt":1635960574500,"integrity":"sha512-WRiGgZf+RcZHBM50ODWZSZHUkx/Hcf2syefA3tmo8165JZPoU4844PFWxYLLg5RJDzhrD14z9jbBg9Eh/pnAnw==","mode":420,"size":142},"lib/RollingFileStream.js":{"checkedAt":1635960574500,"integrity":"sha512-Y7ddZSBiOJN2oEq71U0GSHfSqm8w0ra6aVZmqOAdXdLezRxcuIHMP0crzfvK2tWgfcKzyGBGaKF/aC+Go3XzNA==","mode":420,"size":4071},"test/BaseRollingFileStream-test.js":{"checkedAt":1635960574500,"integrity":"sha512-ALFRKnOD/EgJijvYOZuzSRbMVQ41M8TGzoSMFz7bz4t3styVZxtQy4RDNX//IRz4KcP55N03zQ3xAndMP3TVkg==","mode":420,"size":2659},"test/DateRollingFileStream-test.js":{"checkedAt":1635960574501,"integrity":"sha512-6fZME3tb4jH8atj1E5SDfVIAlP1Df2f8d8SuvBRDJZBwaTUvkuWB/vD823IWcbVZjQ1k7kUiU6H071mK182eLA==","mode":420,"size":17737},"test/read-only-file-test.js":{"checkedAt":1635960574501,"integrity":"sha512-2vnB7JGHihFHTsO6r+WN/o4BrGVvOzOzGB6xOjrvyiuPdOiEkL9KpcycMgFzmnQBbOCaMjYWNH3FPphxfGMShQ==","mode":420,"size":745},"test/RollingFileStream-test.js":{"checkedAt":1635960574501,"integrity":"sha512-02M1KR36uDQ9thfUdZhlg9LyRovjajD+/48BNIuzH1aX55l5jl9cqhZ8hFlBxXM51LfNusOsm/XY7CGBvjVPiw==","mode":420,"size":15476}}}