{"name":"find-up","version":"3.0.0","files":{"license":{"checkedAt":1635960572376,"integrity":"sha512-nIst73auX/5NY2Fmv5Y116vWnNrEv4GaIUX3lpZG05rpXJY2S8EX+fpUS5hRjClCM0VdT2Za9DDHXXB5jdSrEw==","mode":420,"size":1109},"package.json":{"checkedAt":1635960577405,"integrity":"sha512-i07WplJqbfpEdF+U9C1z4Dv8CiupJnMGbIvhwX8z8QVhS94h8EpPjbvJ6cPqSpAMEnwCQMNJvAZ3wd0TEX5Ubg==","mode":420,"size":750},"index.js":{"checkedAt":1635960577405,"integrity":"sha512-+QtK2QiPVd6k+qvfR34INUBLXgKLCib2SIWr+PB4++jyJ0Pr5m9jbYDb+6gLGoZYRhXFKmV11z4v4UeJQQ7/TA==","mode":420,"size":968},"readme.md":{"checkedAt":1635960577405,"integrity":"sha512-PAMm/Rxg+5xGfGEWlyPLrGy/H/01Z027oo5zSqF2AD+CR7fKPp7UpZZmOb67iqiuiLGwnkghkct/Rw6pg3591g==","mode":420,"size":2018}}}