{"name":"get-stream","version":"5.2.0","files":{"license":{"checkedAt":1635960572436,"integrity":"sha512-0fM2/ycrxrltyaBKfQ748Ck23VlPUUBgNAR47ldf4B1V/HoXTfWBSk+vcshGKwEpmOynu4mOP5o+hyBfuRNa8g==","mode":420,"size":1117},"index.js":{"checkedAt":1635960573037,"integrity":"sha512-yTvtvWlF09hXVcEYgEjKrLHu/GAz9aDR8tskHxX5qHSvy6Xj2jp6j8lgdK7+IrGL12JgeYjYl4hk9Y1qu7+62w==","mode":420,"size":1444},"buffer-stream.js":{"checkedAt":1635960573037,"integrity":"sha512-HrVvPkj4LKDrN2Y8timjnzwg66vR9Wk/ZZHugLuaCpHeJFbD0VLhMmgHwytdRYZedycvcCqGFw/dyt3fzd6MKA==","mode":420,"size":894},"package.json":{"checkedAt":1635960573037,"integrity":"sha512-Qe7klTt60oPOctd6zj0oI5dwrs+R2sQlIXV9IJHqLzGorRonSWpSpL2J9ifPAdLOFcX2BshTL7G3oEkzFSROPw==","mode":420,"size":858},"readme.md":{"checkedAt":1635960573037,"integrity":"sha512-kLhUEeog0aMaPm+Mw3lC+vV4JQl4eA1pSU/DyT9sDFUkaJmPuS4HVXn5uJ6UdaDTUmVmDvUce6LhFPrpB1fbqw==","mode":420,"size":4332},"index.d.ts":{"checkedAt":1635960573037,"integrity":"sha512-YymG5E5Y4gXs+KQ76ARoJ9JdxhSGT9uJ8C0xQRjSWHtj8ybcgI7SGmhyU5GOL9q549G9OD6YTDhg0yc7HG5zGA==","mode":420,"size":3752}}}