{"name":"ansi-regex","version":"5.0.0","files":{"license":{"checkedAt":1635960572376,"integrity":"sha512-nIst73auX/5NY2Fmv5Y116vWnNrEv4GaIUX3lpZG05rpXJY2S8EX+fpUS5hRjClCM0VdT2Za9DDHXXB5jdSrEw==","mode":420,"size":1109},"index.js":{"checkedAt":1635960575756,"integrity":"sha512-gMTXMDS++tL3lVxLgdgyxCPZgU+qJcM9UgA5f/2gsS6+CDUUJ4MH7noPrvbylDCkGCQL6n6B4vCpAqKLkFxUdA==","mode":420,"size":317},"package.json":{"checkedAt":1635960575756,"integrity":"sha512-+E1HhoJnWm7erW6STEDlMimG+xe/2zjqkiJDEllaYwxP4SaGsNZE5C0tTpDY7lIJwuTOYr/3Zf8+cGBskb3Caw==","mode":420,"size":841},"readme.md":{"checkedAt":1635960575756,"integrity":"sha512-klAdrnAJsidVoi2DReRohbXqueyGLMrsuR1zBaskfNIn03OM9WRdiWuS90AasHKBCkYSnuOFHvIV05x+9eqxGg==","mode":420,"size":2681},"index.d.ts":{"checkedAt":1635960575756,"integrity":"sha512-g7n/sNxH+4lmkt3OrAIepMsgKu0bgx0IgnrkMbYvwHGahf9oHOylqO4wERWHceJwkjSAAucjr7O3r2g7Fqeqxg==","mode":420,"size":744}}}