{"name":"qs","version":"6.10.1","files":{".editorconfig":{"checkedAt":1635960573968,"integrity":"sha512-SjAWUbJZxOwkJeZpY6QLV17CC1tNfklT7rUJESkDqhDToVBhfdQ6pjM3Eg0yTO2aQLY/1wRFyJsXtefomt9l9g==","mode":420,"size":520},".eslintignore":{"checkedAt":1635960573969,"integrity":"sha512-o3bUwUk28v56Txewbd+JziYW0NRSO2QV5Mr0O3YSq70zmv0hXXhhkjyQY/lduFKg5J3hSIakaACGkKUZnyWQpw==","mode":420,"size":16},".eslintrc":{"checkedAt":1635960573969,"integrity":"sha512-bqLwXARBMNNc9uqVHlyPz/ZoZCjxE19UFRHKEU08gGpObK/oesLywZ3Ngo6zVw8lAoaGoqoxcF+mvMjxWUvLxg==","mode":420,"size":1012},".nycrc":{"checkedAt":1635960573969,"integrity":"sha512-wRWNfuCzyGaL0jcL+DSbPh36vDFUiqoLFkk8Ul/P1AeSVOwHv7tNb+Hst4AWeaP8kxhCinlTs8JhyHM3BT2Ztg==","mode":420,"size":216},"lib/formats.js":{"checkedAt":1635960573969,"integrity":"sha512-OcHHLclFNqz/Rjviob99wosOMew3erp28OyGiR7kypS0168aqmU+UA2eH45GU48691Rpw6pC7TnrIdGnCAwMFw==","mode":420,"size":476},"lib/index.js":{"checkedAt":1635960573969,"integrity":"sha512-UDZdA1gOXbn9B/0Hccy3AuWxgXPnIAyj6MeSytulcfbt1bbMEkWClidxQ8PGPNOtres8jcoUCmoYxSWxB8rmag==","mode":420,"size":211},"lib/parse.js":{"checkedAt":1635960573969,"integrity":"sha512-/gmhkI05UByXDjeg0xpJ2gKqS94o5RTnC4sqkEsw7bME4BiDvp69B+smOhheziiRztQhsdYOLAYNpEpZOaFw5w==","mode":420,"size":9349},"test/parse.js":{"checkedAt":1635960573970,"integrity":"sha512-EM68yzFYl6VmfUE3cH1g7dVrGh+Z88Qz1hA6Z48H1mTgVuNwjEb50b9yZn5l9B7MR9s0YJc3Yw3jUDuFDkuCLQ==","mode":420,"size":33334},"dist/qs.js":{"checkedAt":1635960573977,"integrity":"sha512-DkxSbrm2xe6jcerSwLA4vS8WV7UarP44UjrS+Yp2MRFE2md2qPLpZVTyoxHrM2mvZ2Ft2zhPUMplV20zNFXriQ==","mode":420,"size":61982},"lib/stringify.js":{"checkedAt":1635960573978,"integrity":"sha512-CmyYDUaT1NWY0CKDLBbC3eKXc0nSx3815dVMagAs7pVRLYrktWS58+tn8E13t7BWXVrpNwh6fdpfUBvYGHjL3g==","mode":420,"size":8723},"test/stringify.js":{"checkedAt":1635960573979,"integrity":"sha512-ny6V3R9TglF1ckY57WEz33tJlP85mlODG4zCNswmakOeI678Zz4w29gjkRMNWDBmeZ1v/nBgaNOSqaOIJtahUg==","mode":420,"size":32063},"lib/utils.js":{"checkedAt":1635960573982,"integrity":"sha512-JGKhlXh4dO+rW4e4h0WR6xO/BUOSQLxG4OtbL65+5uAqD5vUigjiJ8LLnxIeaKOPRXpvFLzacQcpNviX4e6qwQ==","mode":420,"size":6768},"test/utils.js":{"checkedAt":1635960573982,"integrity":"sha512-R8dXW1KSce4RjrJ1D06jyQRd3a/oF3Ut3NYY9F/I4rJihRf1w+wh2PYRf6QkhzAgWx7uxV+1h8lIqcT2rkvxog==","mode":420,"size":5112},"package.json":{"checkedAt":1635960573982,"integrity":"sha512-yEa5sarGKxcOkIU4y3S0e24jqrJT3y7l5OmPaMtNcDorzT8XSsF/mhfTa/UttFjlRRNUPV9FhQXstoZiQRHrhQ==","mode":420,"size":2038},"CHANGELOG.md":{"checkedAt":1635960573983,"integrity":"sha512-14mhAUpzZUxYhWwz1UU08/p3eD/eDoMXkOK4KVDMaZaSrSJKdLxHWA9XS4AEhhIZl8TlmzZbxe6yyK7xI+Gzvw==","mode":420,"size":20621},"LICENSE.md":{"checkedAt":1635960573988,"integrity":"sha512-ws1xNdJWTK1MR8J+u0YjLEp7hwBhsTSWvUQ5BLWe8A32LtaBkY0LnbVEXVTKrrMC6R+yTdUIR9dcbwpINA+Djw==","mode":420,"size":1600},"README.md":{"checkedAt":1635960573988,"integrity":"sha512-DSVpCXbZMmqwDlH31i2iQxvR/TXlYLGkc+MnoX4CXEgGXTpbHeoAm73sB0OzDuOVdcvHSapj1IX2k3/Lc31i5A==","mode":420,"size":19762},".github/FUNDING.yml":{"checkedAt":1635960573988,"integrity":"sha512-tXO9jRSSF4NXCoZ08c2b/IQDCBYFNnlHpjqDabIG2ApCM2azI4Jd3DbgeTi9Pl9xDEUxpFIG0zH2MasyvLbuWQ==","mode":420,"size":548}}}