{"name":"normalize-url","version":"4.5.1","files":{"license":{"checkedAt":1635960572376,"integrity":"sha512-nIst73auX/5NY2Fmv5Y116vWnNrEv4GaIUX3lpZG05rpXJY2S8EX+fpUS5hRjClCM0VdT2Za9DDHXXB5jdSrEw==","mode":420,"size":1109},"index.js":{"checkedAt":1635960576499,"integrity":"sha512-8bzHlk+OYT5mVOgg8JBGFek/RAh0SsgukIWsJ7AID1t6QW9wBiRAzmOmi57yyQXVVXbeu38lAUpbVheHH2tSxw==","mode":420,"size":6046},"package.json":{"checkedAt":1635960576499,"integrity":"sha512-F/oZTKNESmH7NHfoH2NDekPM6Bcaw3gzQ+O45NH2p7kBliEyvY8A4Ahf4GToe5q1w1L5IcBK9ezYd64HPhkyFg==","mode":420,"size":707},"readme.md":{"checkedAt":1635960576500,"integrity":"sha512-xEqvcPFO4a7MHKI1EtKirt+NyJmRJyzHCLuHK7UUrZFGgCeGX5F3e6o/byBdSnHyUq5b/NFNu/KtNfFKwtqsDg==","mode":420,"size":5291},"index.d.ts":{"checkedAt":1635960576500,"integrity":"sha512-9UHLSj1/YjmSSQUWPlJbpfqJZwHz4xzUlxUOUp6ipWYOMgxqaNjLZaSdgVH6J/AQNOgvqOdtrBNmk60scJ/c9w==","mode":420,"size":4952}}}