{"name":"mimic-response","version":"1.0.1","files":{"license":{"checkedAt":1635960572376,"integrity":"sha512-nIst73auX/5NY2Fmv5Y116vWnNrEv4GaIUX3lpZG05rpXJY2S8EX+fpUS5hRjClCM0VdT2Za9DDHXXB5jdSrEw==","mode":420,"size":1109},"package.json":{"checkedAt":1635960572799,"integrity":"sha512-clOzfU+SVO/DqZOnA501d0+9/TCWhF2ezFoOMZrUupa9FlwjJZG0X4lNSkgJDE8l3GNe2Z7j8kjQGXW3BJQlDw==","mode":420,"size":651},"index.js":{"checkedAt":1635960572799,"integrity":"sha512-rsl8YKUB2ROVqH0okNt+MMHS0rPt4bCtFObm4AtwBkmJ048Z4LL1UGgDfWt5JLeRgF3h4YO0l8VinW4VSwa2Yw==","mode":420,"size":758},"readme.md":{"checkedAt":1635960572799,"integrity":"sha512-f7niicD456PVgRkblEIFPLjp5eISlo4yR4J7iEzphgmMjZdiOgg5jCpYdkp8eiFtXpgd+ZCbCmhYEgwunveEwA==","mode":420,"size":1066}}}