{"name":"decompress-response","version":"6.0.0","files":{"license":{"checkedAt":1635960572436,"integrity":"sha512-0fM2/ycrxrltyaBKfQ748Ck23VlPUUBgNAR47ldf4B1V/HoXTfWBSk+vcshGKwEpmOynu4mOP5o+hyBfuRNa8g==","mode":420,"size":1117},"readme.md":{"checkedAt":1635960573171,"integrity":"sha512-x6P4uLBNpNGoDmgVoyqbHUMhOJ7oiEWlnEM8/DtSopGMO5vxD/j96WN4hfVT340MjYHLye2I/xT779HuD8rwHw==","mode":420,"size":1508},"index.d.ts":{"checkedAt":1635960573171,"integrity":"sha512-WnLvjH482p9G8Wg56o5Na1JJIDOvxfCfe2TVwDK40zks0QRh8Gd+faIRGhcTDqUB/TZyypYyS+WR9ijCUed+Og==","mode":420,"size":542},"index.js":{"checkedAt":1635960573171,"integrity":"sha512-2NzruRqpMM+qwkt+mxUO9qZqc7Op3NuAv2ct8dWsDeFSG25c6jUbKcNGlDkev8zpta5KqIoe7/mG5/7TPr6ZNA==","mode":420,"size":1320},"package.json":{"checkedAt":1635960573171,"integrity":"sha512-AgrCmtMwCLKuA+OTklEtlVRdHdwpEDfCzXfO+40mU4DN+QQS25T4mF6ubDlKSDSf0eQBqc7wr8WBK/L902cmRA==","mode":420,"size":985}}}