{"name":"@szmarczak/http-timer","version":"4.0.6","files":{"LICENSE":{"checkedAt":1635960572433,"integrity":"sha512-JlwLnLfjTqY4Uaa/DaAs09pb6yg5t5vexyYHsmpa6w80qBLzeUHXfGkvn5eZpwbecE9ByeDzYLjUDbudC0FkgQ==","mode":420,"size":1071},"dist/source/index.js":{"checkedAt":1635960572435,"integrity":"sha512-rD5ylKz05r0ml7VPGBuYoytePaCi4o1nV8v2GAaAcA7UcPcNgfRMHM20SNV+GDCao4VevfgJVBO2CHOOKbTaYg==","mode":420,"size":4589},"README.md":{"checkedAt":1635960573394,"integrity":"sha512-DbAp4qePs6LmwqKWh7xLrLvnGYUvVlpDf4DNRgRcUnqv6yd49mTpA5ZFeGbp2FusatpKmrpoJLjYxxu5pKAHsw==","mode":420,"size":2959},"dist/source/index.d.ts":{"checkedAt":1635960573394,"integrity":"sha512-SdT/32e33l+AGo+w4XPYStEAQh/LeLf2WyADxL/gFqVSYQG+3bUSCtJIUJLM2u7E7e+h9ZPSELMNoSMptw3eWg==","mode":420,"size":820},"package.json":{"checkedAt":1635960573394,"integrity":"sha512-Q0buygLPTGBRPnd6saNqaFRvhCHPXK3lMCWP/di8WYXvYBIAJzqfn6q/UMJZXtInc3MZCnSb8EcJm+/sY/2dXw==","mode":420,"size":1385}}}