{"name":"http-errors","version":"1.8.0","files":{"LICENSE":{"checkedAt":1635960572261,"integrity":"sha512-IlBI/ecFfFWsTftdr4pcQokKJYBEOZOhZW24ByAxG4NQEkIWRlQUbXHQKPO7qKsnFilv16bewfxJ8bNxqNYT5Q==","mode":438,"size":1168},"index.js":{"checkedAt":1635960572261,"integrity":"sha512-KY5T3A7DjmFnIgbYY+WaLuaxF4tFk1CqxivGVHqUXcPZE9BNd01jIjYl2K1y+GweiN6cplNA2nxhAaR67bnKDQ==","mode":438,"size":6521},"package.json":{"checkedAt":1635960572261,"integrity":"sha512-Kgxg27FRr0M7onyq4Do5w7CEM0nHDL808cejRAG2UH+LQfAdGSpIpJvF67RGfH/23jymhUsE2lGaVxwH2ctGkw==","mode":438,"size":1263},"HISTORY.md":{"checkedAt":1635960572261,"integrity":"sha512-6xKtsxG7wltPbGniFvV+bbIx/9r/N/8RbkXUa/FSib2aXnITVql7b4PqHF20zxpIasmbz8bS/BL9TFlOskyYJQ==","mode":438,"size":3349},"README.md":{"checkedAt":1635960572924,"integrity":"sha512-eXG8CCQJRqid9BitKDS8VbzjhwTk4wmChBHJ4kddkz6mi9Ib0l7XdW/vKzH4h8ZJRXNy5ouO7W1cEsLrSSZvIw==","mode":438,"size":5937}}}