{"name":"is-path-inside","version":"3.0.3","files":{"license":{"checkedAt":1635960572376,"integrity":"sha512-nIst73auX/5NY2Fmv5Y116vWnNrEv4GaIUX3lpZG05rpXJY2S8EX+fpUS5hRjClCM0VdT2Za9DDHXXB5jdSrEw==","mode":420,"size":1109},"index.js":{"checkedAt":1635960576286,"integrity":"sha512-lUpTrlfP9BJM7a7NFeSZUYBuuO7q1nj2RTss5lqyQUFCC36RSDaDw0OmWQv0+QafvvJI5nztuU17RxqBAUySzQ==","mode":420,"size":290},"package.json":{"checkedAt":1635960576286,"integrity":"sha512-tQsoe9us2eVPhQa5U63UO9NXEKwRnNxIp1GRFxLaSXgbiMYOnBY/JzbUnSPTRUM4kW+PC8bjZO1L+RfFuMZa0Q==","mode":420,"size":590},"readme.md":{"checkedAt":1635960576286,"integrity":"sha512-PiZFLeq3VsQB3H3EkJB64ErxGkTDkwoMD0Adk/1P4TPKYhKBTgzRpdWyk9Y05uf1ovK7OKezmFqgyNJwtldxzA==","mode":420,"size":1374},"index.d.ts":{"checkedAt":1635960576286,"integrity":"sha512-FR6Y0fEey9oM167ccjIVopspDHUVLdcA+56mjdEG6g+QLSoLFlqCoUENRmSCGyjPoNGXGOwoSLJV2sKkvEIGJA==","mode":420,"size":758}}}