{"name":"quick-lru","version":"5.1.1","files":{"license":{"checkedAt":1635960572376,"integrity":"sha512-nIst73auX/5NY2Fmv5Y116vWnNrEv4GaIUX3lpZG05rpXJY2S8EX+fpUS5hRjClCM0VdT2Za9DDHXXB5jdSrEw==","mode":420,"size":1109},"index.js":{"checkedAt":1635960573475,"integrity":"sha512-kSp0pYgN68aYg6faP1Z2GD9Is0ISqJE9Qq86Yp08PGkxlNOzPbXSoyG+dWYsrqCqtwrqloo2ScBVgBnZI65nxw==","mode":420,"size":2073},"package.json":{"checkedAt":1635960573475,"integrity":"sha512-498X2+5bIFtmKFAUnkZikGLfpALhXG4k/g2jaau98W7uoriWZJsgPQzC+XSwGYickRfoN99ktk26lioUO7jUaw==","mode":420,"size":740},"readme.md":{"checkedAt":1635960573475,"integrity":"sha512-fiB04g5bZuZCf1rt4Syf2sXRln7yQqX9DWHCYz5YwWgrae+ohIxlKMGhFHucB1WGrYurWbz5245NDDBBWL1R+A==","mode":420,"size":2661},"index.d.ts":{"checkedAt":1635960573475,"integrity":"sha512-tw3K/yAphAtiWun23OD62sbfN/t0W1Guil7MoLBY/QXPxTbMHWtOP3Kv/mX3twXNUh2x7I+KT6oGtacCSFtEeg==","mode":420,"size":2062}}}