{"name":"lowercase-keys","version":"1.0.1","files":{"license":{"checkedAt":1635960575176,"integrity":"sha512-rnnnpCCaRRrva3j3sLiBcOeiIzUSasNFUiv06v4IGNpYZarhUHxdwCJO+FRUjHId+ahDcYIvNtUMvNl/qUbu6Q==","mode":420,"size":1119},"package.json":{"checkedAt":1635960576517,"integrity":"sha512-6LDEJrZxxALeG2lNL2eZpBB0QIaGfwdz+fWLGbP5+a/wo880jkuRtaUcu3ZNuyqHDPGujbjtJAZrhH0AsPV0NA==","mode":420,"size":596},"index.js":{"checkedAt":1635960576517,"integrity":"sha512-uEpobluc6h8I4SiJAFuNKwTmcZ1rcZV7Y3t2fMyzfOL0qyvkKNoucafu30iMJ19Xpc7fFav0sxjpv2izzz27uQ==","mode":420,"size":208},"readme.md":{"checkedAt":1635960576517,"integrity":"sha512-6ZEzN2K0cKiMGtM9m3Kbuklr9dzpL8LBsSntmhrV6O5DsbZFwi0YF57myv0bhXZLO3UVsHT5Rj5b6FzlbH/BkA==","mode":420,"size":533}}}