{"name":"to-regex-range","version":"5.0.1","files":{"package.json":{"checkedAt":1635960574841,"integrity":"sha512-zlZYLSMJ/76S9XdGAr7U0yMS0qBIjjxB7XhmAiClnZKrYluV9TxI0kBcO1facwkzd0z3ODxnE9Un+mMw3lQtOQ==","mode":420,"size":1782},"index.js":{"checkedAt":1635960574841,"integrity":"sha512-JMYr5eOrhipP/PRAjNzQr5uzafHqVsnTfk+BKQaAl+mLjFQOdTX87XPpWCZ+gro5jzaS/f2yuehmFRcXqZHFsg==","mode":420,"size":6481},"LICENSE":{"checkedAt":1635960574841,"integrity":"sha512-Vdy8f/8awcR1X0y/JLoh4NyuBiyALT25N9K2GC9FVN2F0UUpoMlojqyCWjRbY6uLLl12meK+BxeN9buKByI16w==","mode":420,"size":1091},"README.md":{"checkedAt":1635960574842,"integrity":"sha512-1eNfRl/cJscHQ+kapjKxPBsM395iFEyox/IV54fJlmUmd9Xm7ihwFzViWgMa+j/SXfIK5oBDm6f9jSyxHm860A==","mode":420,"size":13585}}}