{"name":"http-cache-semantics","version":"4.1.0","files":{"LICENSE":{"checkedAt":1635960573237,"integrity":"sha512-SgivpscCq1W/ejegoKsslMwh2HujD2M8d3AM8YtUPnLSvLrCbtnyykJgiekrXKO+BhDKuWkPDsiZYNMoKN/bBg==","mode":420,"size":1274},"index.js":{"checkedAt":1635960573237,"integrity":"sha512-jW5QeSzgjPDAMfGtY4T2lFsenE1cJoBrMhyN6sv2A4ipoqqAhvrLNg8Jb72RejjRmGi9O53J/vAK4vQm6BmdJA==","mode":420,"size":23786},"package.json":{"checkedAt":1635960573237,"integrity":"sha512-kfW2dghu0Im63UnWuf+OFB2esEbdcORRuSWY/PmBPf1gGt0uVZLflxMjbTc9JzUHtMEs301RVAweqJsDo8HOJQ==","mode":420,"size":733},"README.md":{"checkedAt":1635960573237,"integrity":"sha512-6EaAJkaRa4y/ULjzkS1OP/xgJXTZrQWopMVCtdvlcmBB3m9QEYQm7NdGLjv8/RCmKJ2klvcw/zEbgaXApHtUVA==","mode":420,"size":10387}}}