{"name":"pngjs","version":"3.4.0","files":{"package.json":{"checkedAt":1635960578243,"integrity":"sha512-PexDoxJMmjZ7BS+RQvmgQL/nlBvsqta2/Hs24XUWN/4pXg0mfX+H9ShmVgYv76G5YkUsrYV+V7pEj29seIdXNA==","mode":438,"size":1756},".eslintrc.json":{"checkedAt":1635960578243,"integrity":"sha512-24iZxJoFe4h2syYUnFNO6IhrlXEauDLlpe0O+2raeZKXD08sgG2ptJxgjXpayXFjQ0EPNTpGmOVfxBcDzFP2yA==","mode":438,"size":6676},"browser.js":{"checkedAt":1635960584506,"integrity":"sha512-V/laj7WEo2AHWtUyKksdIci/9NTJQjA8b2hh01mQ3Vw6y1ZkWRar7FAiaW3l7kNJzKMR6kC/frmg/HopAWifQA==","mode":438,"size":464995},"LICENSE":{"checkedAt":1635960584506,"integrity":"sha512-yWUM1tMraMwHod2tUqobu0IFaAtOjKx3zOoABi+uwnT7bzMWbiJJK89RUOp9Q7xRFlKaUIdI7tYgPk9ICrgZjA==","mode":438,"size":1151},"README.md":{"checkedAt":1635960584506,"integrity":"sha512-JJf+0pKP6oujeBlG5eoGsX34qZMRizUHQI2cNllzqnEqkFep4m5VF4Q0E/6AXxfoZz+N8PHd3EarRZTy8l9kaA==","mode":438,"size":13223},"yarn.lock":{"checkedAt":1635960584841,"integrity":"sha512-ami9x7OdTfDbC0x7q36+yHBtiHwWqDamCQhOKKx0HLGhZFNwGygcm7D5Hl5nHO2tgJ64OUZVgyLqGUJCzPoqlw==","mode":438,"size":81505},"lib/bitmapper.js":{"checkedAt":1635960584841,"integrity":"sha512-D/UMt63PyApzodk5Jyaidgr5x1QyY+3HFW3LDQN3mt1/Ni4aC6ADGLgi6ulHhTxSlvGcqkWOpfkC9x6AaNPVRw==","mode":438,"size":6327},"lib/bitpacker.js":{"checkedAt":1635960585212,"integrity":"sha512-N6OtZDEEThoPyELL0m6f2ikZrvKiuwli+lr0gYvPJ1hwrh5ZOY2LMAdTBfzSxQFdwN6U8fYA2s6Npa1WCUfu3A==","mode":438,"size":4524},"lib/chunkstream.js":{"checkedAt":1635960585212,"integrity":"sha512-87IsKKOwOmZGoZhj/u/KC24fGHXme4vP6Ytw/vsO1uuC8d7Mhi1ptcCL8PrCLvK+SfgZO0k47ku6r95b1fIx7Q==","mode":438,"size":4241},"lib/constants.js":{"checkedAt":1635960585212,"integrity":"sha512-jlf5JEdukf+3edC/SocgpSnn5qlio+m+durNaRcL5EfrAa2sOWvIriy/FXRdY1yfZdVyKhYrP5FzaUA661Jv9A==","mode":438,"size":662},"lib/crc.js":{"checkedAt":1635960585212,"integrity":"sha512-D0X0iTg8GBZ5Wni5yUJ25YAc6AXTKcEKruWC8/qUi4B4xMRIRu+S2z5b6K/s01gmoa+eSeRjb9QPIwya/UZqnw==","mode":438,"size":855},"lib/filter-pack.js":{"checkedAt":1635960585212,"integrity":"sha512-CuQNEcVFPE1M9xeEs3qJB8+SolsHvqZ0ZqZWZY6A6S/VAXz6UhSxzNdTqIYgSiIe7BVwZa7eppWbAH/Tm0DwpA==","mode":438,"size":4285},"lib/filter-parse-async.js":{"checkedAt":1635960585212,"integrity":"sha512-uF4Hdl701Tb0yueV2RojgyG8ksdp5fde6tdDyEhE9jOFTSlxHIRQWHwg7MYTjKojUeDSwQm+XucrSiMoF2Mf1A==","mode":438,"size":553},"lib/filter-parse-sync.js":{"checkedAt":1635960585212,"integrity":"sha512-8JXFj2rYc+a1NZPKTZRduIojbVjl8VddyKWf156G8ix2BHh4sJZIyGqLN8IGGygxhuKwhh3tJoDgEUOPpMAJ1A==","mode":438,"size":485},"lib/filter-parse.js":{"checkedAt":1635960585212,"integrity":"sha512-z6etcn/Xyh2KHPQgJlXGXDXFIxwQgZY6oHzO/YgaJEFSbx6krtnHA4tUJpMIpYulPeCuI7uLsZIcXj7mdsWaKw==","mode":438,"size":4760},"lib/format-normaliser.js":{"checkedAt":1635960585212,"integrity":"sha512-JhY2rg54csj/sqZrDynfktziS9dHO2LVDGWUZgZp/zdp3S01m1jopRCSrVVilLo8xIswNWpXMKSGMr3vF9rXOg==","mode":438,"size":2279},"lib/interlace.js":{"checkedAt":1635960585212,"integrity":"sha512-H7Zv4KsIhZo/6qxSWZypKp6thqUOTJeBgQYytspQbbHh+0a1JmUUV75cBLN51CVzlIPhespQEHEFpNHcy882/w==","mode":438,"size":1957},"lib/packer-async.js":{"checkedAt":1635960585212,"integrity":"sha512-CoVKFOIvRQs6LqwDUm2eYEiRPm9N85hfn0Rj4r7+egE/o5yZJS813PwEemes3M6r35F5IefZL/3+FUNunvi7VQ==","mode":438,"size":1122},"lib/packer-sync.js":{"checkedAt":1635960585212,"integrity":"sha512-O10Ig0xSZ2MU5qOfrVaFgBIehCwuS4OBERJK7bf3R7R1r5roxeqnq7IOESPqDkChEbdjK3h2HaX6b7vgwi7pPA==","mode":438,"size":1152},"lib/packer.js":{"checkedAt":1635960585212,"integrity":"sha512-AxEH/RXdD2HmUDSA0QJB7EKwtrgUJjJe8gvvk7tdYS8yQoSZmmx/3G49qfbqYI/034VPxoQ5/7URnlFJ+SLSTg==","mode":438,"size":3567},"lib/paeth-predictor.js":{"checkedAt":1635960585213,"integrity":"sha512-AV/OXOrtNy5R0vw9Le8dZY4+VHe9tgUNRim9bPzwbznzemU1p/JvFaHkxJ7gLWFkZBs3ScmEQIGdbOPLc1ximQ==","mode":438,"size":388},"lib/parser-async.js":{"checkedAt":1635960585213,"integrity":"sha512-hwB/UDH7vqswCKEqQTnfsBbq3ca9p0RMOkI+9D4aiMQO0Vm9TQLN2ku2G8M24CCZKXWu8f8K9tinwuh7tC9S5w==","mode":438,"size":4253},"lib/parser-sync.js":{"checkedAt":1635960585213,"integrity":"sha512-DkxPXCmbXXn8eW9FTeJm/5v7ByqQETxwL7M8Ic15nzs8lNnbAhS71NJ3FbOsWe9k/pqLJeBzstts4fp/9DO8ag==","mode":438,"size":2510},"lib/parser.js":{"checkedAt":1635960585213,"integrity":"sha512-pPyisV5HTvEz62FHTJZ3Liihf+HFQlrylGoZLUooYY314apDe9M0Hbfk9D3Z0ckRVF6iS6f5PK/i8BXm112shg==","mode":438,"size":7686},"lib/png-sync.js":{"checkedAt":1635960585213,"integrity":"sha512-ESNrk1xtPXt+L/OfwZeUCL0/WLfUCLe7ynhgXOoCF8apzGO1mp/ugpK00EH+1xJ5rq5QYq0KtTgw3DjVpaRzPg==","mode":438,"size":254},"lib/png.js":{"checkedAt":1635960585213,"integrity":"sha512-7HkPsP1DOZMLDCLZmOReFsa9+CbVYN9zEuOvkd1cmxr3QuH7ivBM1WYbQIGSNORIieE9OzQdqm3sVMX2+Jv77w==","mode":438,"size":4296},"lib/sync-inflate.js":{"checkedAt":1635960585213,"integrity":"sha512-TYdE0r59DnLEdUW40+WQX8YmqonF55aToNeARHwDbOUcmXTo8eIU6Fn2KzWGWopbCgNnTwD/rC0YF1AxqJHbZA==","mode":438,"size":3704},"lib/sync-reader.js":{"checkedAt":1635960585213,"integrity":"sha512-HDtO0HGJRHSqaVvAqp/U0gSGRLHN2F8TzvkFJ5DcbUjoB/kNVyowHUfp+5oIj/xBLd4+WOE0gy4uTHoJloWKLQ==","mode":438,"size":1104}}}