{"name":"require-main-filename","version":"2.0.0","files":{"package.json":{"checkedAt":1635960577590,"integrity":"sha512-bnx2egZxH64633PmNcjI7F/o0QgouTX+1Df4uFfWsPrNxp+q+onBVxr+cgvMbhOaxRhFyO2B+wuBS+pBsstnHg==","mode":420,"size":854},"CHANGELOG.md":{"checkedAt":1635960577590,"integrity":"sha512-LCBf6pnPshAyUfjC/QsSkKuS5PZflsLgDcADbOHnMTiDyPPIhS31/BOyuCqNZKfURVUJIJaHvkmSs1BO2jAGOQ==","mode":420,"size":852},"index.js":{"checkedAt":1635960577590,"integrity":"sha512-8EnC6oeFfzaDxYLmK/CSm9OIsaSVg6t/GngR6Ir5UwmF6H2ntlpJwoUowmqoZMSCkD9X00e+hud2U307L/qz4A==","mode":420,"size":427},"LICENSE.txt":{"checkedAt":1635960577590,"integrity":"sha512-EToPsaeTn1m/hKKaWONJhwqjvIWvra5CjWMax+yCWLrIN1/jFSLwPkhN68ViQwYDuut9KCVnGRQKJuxayn6RBA==","mode":420,"size":731},"README.md":{"checkedAt":1635960577591,"integrity":"sha512-zweS420oBAEkhZaJ3gmpaQ7zhh+R+R8S8flej1SOU8FTqIkNmblAe9CXUImJoDYhdEgA4sTuB4a8/FVQMX+a5A==","mode":420,"size":1064}}}