{"name":"cacheable-request","version":"6.1.0","files":{"package.json":{"checkedAt":1635960578165,"integrity":"sha512-DQC9q1DSLbzn15kqduskd2dxz3p3tF+Rl2hReyd8KPOKpJ/2sS7teq16a4bHNuMUcnrsxEWFsh43nwXMIgLolQ==","mode":420,"size":1160},"LICENSE":{"checkedAt":1635960572941,"integrity":"sha512-b+puLzCIXN1sriNmN+8ZT+nrBidkN+NwwC6sZR4XADGYCrIB/16Klbe1wh8keI+pOAfWxPLPedX3F5Lm6KYf7w==","mode":420,"size":1068},"README.md":{"checkedAt":1635960572941,"integrity":"sha512-+LsfAMt9pecoZrao1UAR2R6U9mm8v8BLuqzLSNmIXMjM8oAuL9pzEh+urq+fHmQpn1F72W7DzytKTKVgeo8zVw==","mode":420,"size":7586},"src/index.js":{"checkedAt":1635960572941,"integrity":"sha512-T1mUyX83on3hMYN7CqR5uhudtnmQ5s3Qu0jy8NjcMVCVI/L5pHBQ7jIBfPdwwQJfd132r7/Y0ImVOUbMbOK5kQ==","mode":420,"size":6936}}}