{"name":"has-symbols","version":"1.0.2","files":{".eslintignore":{"checkedAt":1635960573677,"integrity":"sha512-VLhEcqup3IHXtZJPt07ZYoA9JNRjy1jhU/NU41Yw4E8mEyea/z+6bw5hL3lhCO09pji9E0BH2Q3aDXdc3i9zBg==","mode":420,"size":10},".nycrc":{"checkedAt":1635960574003,"integrity":"sha512-42sgwWzusJB1Dzhl78jX/Zg65Oi0HDDMOGXS/Uklv1kCYn4fHtRsD/JFPwdu+d40vome9XdUspzRWEQAcTGEeQ==","mode":420,"size":216},".eslintrc":{"checkedAt":1635960574072,"integrity":"sha512-/jtNmWJBCosGcZFwL7g8YgvM8V61kw1A/Ev3ARlU5d+sKCy7ulo9cDlstJP087urAtDgIEwMxBnV1qjIrf9xNg==","mode":420,"size":164},"LICENSE":{"checkedAt":1635960574072,"integrity":"sha512-dxLbNnbyR4KCoS1RgGeccyQegO3NH1hpag2KodBaD6cFZ3ycPlOSCu7V6WV+vj3PC3Jtptem7h71JuLYS2iy4A==","mode":420,"size":1071},"index.js":{"checkedAt":1635960574072,"integrity":"sha512-qRg92HnwE8pPWe9If7CHPpnbHoAST0AoOGHMRPQembauM0Y//hhihvwfMn63W3L9fbTT/SGlMhCq4l/keB6lfA==","mode":420,"size":420},"test/index.js":{"checkedAt":1635960574072,"integrity":"sha512-zYqul9DsAUG9UiVzGQ175x5JYMMxW6XIb93YY7h0EqyoHblApXhtwdLFoJQKP8yns37lE0+8cw+caEmstzIVxA==","mode":420,"size":654},"shams.js":{"checkedAt":1635960574072,"integrity":"sha512-Fy+OO/4L698r37aEyKdLKNqBBzP3IODOqWO5nSLmKn3oV1liCtorQoL3lG+HRPM4hJKg6pWmJU4oJBuXxA+TJA==","mode":420,"size":1761},"test/tests.js":{"checkedAt":1635960574072,"integrity":"sha512-zjwosH1RzTrjjdmgLDGlNXavi1viNwAtZi38z4Wj2TorDB9XAXAMauuH19YxHsF/aA7Er+SOvrKCWRs1x2qtDA==","mode":420,"size":2021},"package.json":{"checkedAt":1635960574072,"integrity":"sha512-VfcxjxIkvIZbdQ/vO4KbK9U8Qx7m9L4z8benDflmUfkftbAWs96W7wxY14mZQLSo3Qm6apqCm9YihodwfYARkg==","mode":420,"size":2453},"test/shams/core-js.js":{"checkedAt":1635960574072,"integrity":"sha512-nrPB3iuwKQiaO1ItOi0UTZPRlY5/Eezi6s7x/D9hZu/6GEEoAUI1UJTmfT5+tm/u3vIbUi4TRp03R5qS9/nmdQ==","mode":420,"size":723},"test/shams/get-own-property-symbols.js":{"checkedAt":1635960574072,"integrity":"sha512-XmrR0UdlHfNdDJFHvIaNv/XLOt2zh8jvDhi2GB/rPKxEgUfoXGRPs50dCxq5UNCQZ8Toowb51w8qOAhR44lbtA==","mode":420,"size":686},"CHANGELOG.md":{"checkedAt":1635960574072,"integrity":"sha512-1t6CzmLAz6QackYCbTCkjT0MNmnKNHCaiPdhFChrdrGkDmdfmQPc40ScI2KJPAoGB7/+NNIwnPAEpbPWbAKmpA==","mode":420,"size":5690},"README.md":{"checkedAt":1635960574072,"integrity":"sha512-D+NaS5kPGN9HgjkpVZZO7sH0oolIEByB/a+e0H4laz3Kcfnd9CS+IocdwLyvPza/aKjt4CjjnUfVY2P1jLXRAw==","mode":420,"size":1605},".github/FUNDING.yml":{"checkedAt":1635960574072,"integrity":"sha512-EyvO5Op6uniMJsTgnDJgVny9E5MhM41Mk+5MyTsehyOKCvutf64GP4Ai6OIn4P7TpfKSS79uhhqucnT9oxUldA==","mode":420,"size":582}}}