{"name":"log4js","version":"3.0.6","files":{"package.json":{"checkedAt":1635960574215,"integrity":"sha512-BOhssd+wMfESKfxPXalCLa0HAdZCGnk2hNQwNf/1XjFYedmWViGe2mTHn8mmcGWubCh/eUcd8BoveGNBFID62w==","mode":420,"size":2540},"LICENSE":{"checkedAt":1635960574215,"integrity":"sha512-kVogy26LnTGnun0BASVvnaOFYdPiVBGKWERh6gsOeA6yYODpB8zAIHryCPahjQ+lL6/tsvtT4hNqgL2BoPXpmg==","mode":420,"size":606},"README.md":{"checkedAt":1635960574222,"integrity":"sha512-dPZE7CpQx2hAzq7Amy1WAiXN4lkWlDr1ZGxK4OTgJlUFeyawyp3gKYPMnzFShEmzpgoRH7T0xYnygbbLlN+zJQ==","mode":420,"size":5398},"lib/appenders/adapters.js":{"checkedAt":1635960574222,"integrity":"sha512-vRyHIzaEpGfhqTDKw5nBz9vLn7YH60MosCsGtIlQxcETfQED+G9UYUGKCP6uMKYZUNPDLWoHv5m+XS1Sn0/RIQ==","mode":420,"size":1216},"lib/appenders/categoryFilter.js":{"checkedAt":1635960574222,"integrity":"sha512-Wz4cXBf4v2/fYDVNlZ8d+tFNoFxzkZQxRytuoBfRG4WMQz2NZjHsXMYev7cgWLogEWBI23JnuQuyhBApsr45dg==","mode":420,"size":613},"lib/appenders/console.js":{"checkedAt":1635960574222,"integrity":"sha512-zY+8pZccxpWNb2Q/4UvmY4DTBnjPULg+qPsfdokT1tlbxkpGxITvsZfBiqBPpKeQyLZPniETYCGPbudPy4HKfQ==","mode":420,"size":470},"lib/appenders/dateFile.js":{"checkedAt":1635960574222,"integrity":"sha512-yL22/kNFZoYMlej+/u6nz/EhXCFmqyl5qb4y5/kM3ZtTBrGzkB+AX50hJM2+6l7e4g2HzqaVG+AljeVU4gdHlg==","mode":420,"size":1356},"lib/appenders/file.js":{"checkedAt":1635960574222,"integrity":"sha512-wjz3Hj+xBMdKpzUGat4daDXs0uc1ErvJklA1vfQR1oY49Rjj6GN7rbqbx2emhvLg4XOEPy0rP0lSGrx0YwCMUQ==","mode":420,"size":2721},"lib/appenders/fileSync.js":{"checkedAt":1635960574222,"integrity":"sha512-BF8bu1mNkWeiPMssmgelZlBF15oAwNLdpSW8qnvd5Cxj1nDxxLIyGEdvmyktXMCmGd12Q9SCqAjSyBrm4nBzpQ==","mode":493,"size":5424},"lib/appenders/index.js":{"checkedAt":1635960574226,"integrity":"sha512-sEHdvVXBhZrmRZSFBm6NjPxm2eAhz44MAdSxDRoAWt8CuoCwBIYF8LT/qFp9q8FIpVTsIXR1a65Hn0VuXvfr7Q==","mode":420,"size":3438},"lib/appenders/logLevelFilter.js":{"checkedAt":1635960574226,"integrity":"sha512-nk/FCNIqroOhgv9SyuXlGQBDuy1Cp8KR4LKw19GaWSRPShpABzOchiwBGZyy4C//rwTkxDKmar0DC5W/7uGLbw==","mode":420,"size":637},"lib/appenders/multiFile.js":{"checkedAt":1635960574226,"integrity":"sha512-1nH1AUIfVU4INSQ3Z7D5KKiwur20jwL+Kf7N3WQKj/d9SQXFA3qbU8sLT3LOtFMbsusa8V3aJUCxWLGfIEuDWg==","mode":420,"size":2417},"lib/appenders/multiprocess.js":{"checkedAt":1635960574226,"integrity":"sha512-L08I0aoO/XSCTMDEIYKJTB0UABNCsak4Jdjh+Q9ynOz4111UP9w4BFVmFOpnaT1vjX1QeRBo33XhGFR6sMowow==","mode":420,"size":5203},"lib/appenders/recording.js":{"checkedAt":1635960574226,"integrity":"sha512-LnbGnYDzEfsW9MbN16aIStankfWLzhYPZFststqXva9WOLKutUPJM5F/iCmsEvYCLd7eMlHngivACMIeQNwh4Q==","mode":420,"size":537},"lib/appenders/stderr.js":{"checkedAt":1635960574226,"integrity":"sha512-+DxX+xjOqWFcAaPmKMv0Z6k2/BOCCe70hJGG1v8l9SiARERQxgro8oraOw+ACqaX8dVfZWhJ09v3p9gDgPoENQ==","mode":420,"size":438},"lib/appenders/stdout.js":{"checkedAt":1635960574226,"integrity":"sha512-li2AXvmJK9WtMm3QCUbnZPnNSr2W2YdwxriT9mibd8PUvbrEbB+6V5bH+RmtK/pCDnybvhaZ18jYzsonYL8UgQ==","mode":420,"size":431},"lib/appenders/tcp-server.js":{"checkedAt":1635960574226,"integrity":"sha512-a41eYy+EJCW5N2OZCof9K9URHadxHUK4qxael83em1guc+4pHo//DAiLSNbk6t9mWBUOG1URes0idkkKJBxoyg==","mode":420,"size":1395},"lib/appenders/tcp.js":{"checkedAt":1635960574226,"integrity":"sha512-/mUyP5efiNJZwQXPWnKpvxpuLr9cCE5f0PIlPNsaMP3qVFF0ZFOYCEYEWmYrVm3zTmHcxXYVXjr4W66YQ+f9cQ==","mode":420,"size":1907},"lib/categories.js":{"checkedAt":1635960574226,"integrity":"sha512-h4JT3Q0fMg453glErouR5xOWYYZItNwsTeIGGcBLxo2IM3P+ptzzytvJjuR0WkmT2hs+0oGqwiZGMZ62puG2lg==","mode":420,"size":4023},"lib/clustering.js":{"checkedAt":1635960574239,"integrity":"sha512-J30IqlCZbfB9yVXG3358nK0zI9oMD7aLlHSUwIxw6IY7umBlUj7tlakggAQram44LXOeJURUQ4VX78snifVOsw==","mode":420,"size":2896},"lib/configuration.js":{"checkedAt":1635960574239,"integrity":"sha512-UfoS5CDo7Nt/QA/z1Oz5PdccDJ/AuSvzwv66x62HPBN20RW//btnul4REIGQH7GHcJreISH1zqorsrrDH7YCQQ==","mode":420,"size":1282},"lib/connect-logger.js":{"checkedAt":1635960574240,"integrity":"sha512-W+Du3xzP4MwlD+yJsCQhCRaF3OD82enP596P2Vva3Hbf0GGLgP0XjOaOu4STa1p75U7+pMlaIq1h+sSP/VOO8g==","mode":493,"size":7868},"lib/layouts.js":{"checkedAt":1635960574241,"integrity":"sha512-EEizTzpwGXsyIE2GDz8CqwzqKbPqsABNj3BWmcqWeOKjvuf9+3ZdUDpLb68DXRdPRJEYR3sw8xgoryhr8iM+iw==","mode":420,"size":9114},"lib/levels.js":{"checkedAt":1635960574241,"integrity":"sha512-qg7q9X+AFw3hLcOCEJE4DAbU54ESPcGI3lNKOz/LlqfFOvdEA/vsxmgGm7q+jOO/8PkbBc9r2rCe7+zcOFLcTA==","mode":420,"size":4061},"lib/log4js.js":{"checkedAt":1635960574241,"integrity":"sha512-QzCtNjaiW2JBlzxLw/6ErBEJJMHPHjAy004c5SdyOVPjUCu/gIz5zdrjHY2i5TLBP0AD5IYhHv8Kw5n3rdKiaA==","mode":420,"size":4037},"lib/logger.js":{"checkedAt":1635960574245,"integrity":"sha512-8WmWJiiSX6Y/NGcdfRlvlgwFv4kQOocv5Tj7w2lO8aBxrTO3ZXEJ2qYtbxPyP6BiIwiZL5VdsUjifqfv5xRpKQ==","mode":420,"size":2371},"lib/LoggingEvent.js":{"checkedAt":1635960574245,"integrity":"sha512-s/f8JqZ4GfrRuVPk01tEvZ7yUXyNyRHu67bLGXb+hP+l6NB4sNm3uNH3RYGTMWtTxgu49uw7a3gd+bTe0NqTnw==","mode":420,"size":2030},"types/log4js.d.ts":{"checkedAt":1635960574245,"integrity":"sha512-o5BHA9kBqCnHsAiVqxQ/3FtTry9aYfMzFDWVchoym2CioUwrEnRegXY6nmq0HWaX8TBffZVLBooReqaDC47RLA==","mode":420,"size":8278},"types/test.ts":{"checkedAt":1635960574245,"integrity":"sha512-A3wohjejVS2RRg8e9RgGuIJgv6PP2E6Rpu0WEHQgLSRPkZJu8EWDIuC7PiWyt7002VZIoRUMQnbjaoXy2puPiw==","mode":420,"size":3818},"types/tsconfig.json":{"checkedAt":1635960574245,"integrity":"sha512-DQaT/R+pq2cabVHhc2SfEGRyqmB9hDB4736kmnkTAmdhcGm0xqBSNRE6zWrgJFPEosBfaNJBDKp2jWyi38IY1Q==","mode":420,"size":157}}}