{"name":"resolve-alpn","version":"1.2.0","files":{"LICENSE":{"checkedAt":1635960573243,"integrity":"sha512-PNhJ28fF8sg+IGO8GTaMd5yYDikjd5lUXKmwoG9xYTfjIMWRvafDtDUa4ybTgvMyrLaN2y4EtMXOIw5mIrU36w==","mode":420,"size":1072},"index.js":{"checkedAt":1635960573244,"integrity":"sha512-ZxUDN58xhnNhN6H46oFX0asDEx1x3FxQf8DJhFv90+8wi4FdTnkgye+OBlZb6qTIigbtzAm/h6YtJWvHcB/KeA==","mode":420,"size":813},"package.json":{"checkedAt":1635960573244,"integrity":"sha512-dxPwgTv3PlRMY3sC3hXqUqmCMkJybKo2JBRW2r70L5MSdMXMoz/Lo6I/XW3L6FO6UboD3Apsd1FiYql8ilujXA==","mode":420,"size":825},"README.md":{"checkedAt":1635960573246,"integrity":"sha512-clqlug+oKGW/MFIzkN4HozZrAH6MlHnpl8zIp+yFcVx/Hmbik55Y1kQR7PZAlki0tyEOfYMPYEqyxEzPtKdx7w==","mode":420,"size":1889}}}