{"name":"strip-ansi","version":"6.0.0","files":{"license":{"checkedAt":1635960572376,"integrity":"sha512-nIst73auX/5NY2Fmv5Y116vWnNrEv4GaIUX3lpZG05rpXJY2S8EX+fpUS5hRjClCM0VdT2Za9DDHXXB5jdSrEw==","mode":420,"size":1109},"index.js":{"checkedAt":1635960575689,"integrity":"sha512-BoXtEIwgyEs8DUvxgTGL8/OtZgLeG1u3Hcao03dXXpdMQrzBT11yokTwYES86PgQBcV+wtJGpRO28ZZwClAQwg==","mode":420,"size":154},"package.json":{"checkedAt":1635960575689,"integrity":"sha512-ZdW5ds/CbghZj/mX930i48YAW3FBAHqgxo78wMZYhIvbq748ZcoMJQKIZ3h+qvocEYVW08Hi0kZhrPiLZAK6EQ==","mode":420,"size":798},"readme.md":{"checkedAt":1635960575689,"integrity":"sha512-fOo3y0lg+mnFBEKQb4reHqQDNhcFRyqNIjsG6gXf2MT0zivVqcbcHGj+PMTWzKnnNeEwp2hUBMDocUiFRglSfA==","mode":420,"size":1599},"index.d.ts":{"checkedAt":1635960575689,"integrity":"sha512-hDHCpXYbeoCHQexoRmx5sNk6gl6ncJfehBzlvQ87ZJSev3hh2MaEZTBEIr75/1GSROyNjzcc+VBZYdAaeu8P2w==","mode":420,"size":369}}}