{"name":"write-file-atomic","version":"3.0.3","files":{"index.js":{"checkedAt":1635960576078,"integrity":"sha512-qGUxfXbelwElEDnCawPrpC8uxMtu0WfFiBFi8EzS9IkDuPDbWAF9tTADukpI6/TE9WwdcxsiPuWYPpX4sFTT9A==","mode":420,"size":6812},"package.json":{"checkedAt":1635960576078,"integrity":"sha512-vX7ELJlBCjLXKCRTCYlCWwCkl2GH0IGq7KQMl5brw37Y5tS3rfxTJYVSQ3HVVNxzv3YEu5s5JmlSKcFu8l329Q==","mode":420,"size":1239},"CHANGELOG.md":{"checkedAt":1635960576079,"integrity":"sha512-IR0ozKkbaf+34uXzav+R231XeY/Bh1GPLdjwmx2Uyi7Qs+k8hsPq5Uro+isJa//eWygoGnlih8VTe4DOPDLIig==","mode":420,"size":893},"LICENSE":{"checkedAt":1635960576079,"integrity":"sha512-xs8Qx1Pa8SRtx+Es20hNmYmskMAuS+7K6scPjRaQrz+XaN9AHFiAVI6HyLYALi0qXqitmsleljSfQHuhMP/+Hg==","mode":420,"size":734},"README.md":{"checkedAt":1635960576079,"integrity":"sha512-oH9/IIaP2iaUygtNEAAsuc0abjvAMxcyK/8QPId/ODwCW8uCJb57Fwx1TiD8c893+J/cMGJJjq3wGPnjG8zVLQ==","mode":420,"size":3109}}}