{"name":"lowercase-keys","version":"2.0.0","files":{"license":{"checkedAt":1635960572376,"integrity":"sha512-nIst73auX/5NY2Fmv5Y116vWnNrEv4GaIUX3lpZG05rpXJY2S8EX+fpUS5hRjClCM0VdT2Za9DDHXXB5jdSrEw==","mode":420,"size":1109},"package.json":{"checkedAt":1635960573129,"integrity":"sha512-++aUt3w7K/VM7Y6M0I3aRMyouJ9lD/e0byKGegKNNACgAwdrfTi1NXKu24gSnZmFMkUKkijgCTF1kPndLcRvpA==","mode":420,"size":614},"index.d.ts":{"checkedAt":1635960573129,"integrity":"sha512-Fskx7fTB5kBegDy48kz28KNeffFJci+kWoqeXRjvBj+EEyiXpQsL6P5aCGJqG/hWrQL0Bh+1+vUnQ/B/5JEGgg==","mode":420,"size":351},"index.js":{"checkedAt":1635960573129,"integrity":"sha512-vUAD9mR0L2JlLFvxMUI5DUwBpzte55dtMfv+mCgocMKYsy6TMKu9zPu2hMiUgt1Wkd5csu+2m5UAeWpYF7e8vw==","mode":420,"size":178},"readme.md":{"checkedAt":1635960573129,"integrity":"sha512-vW2VLTDJzzzGHSU6SdJiTyyu43P1YBNQEGuSEd57gl/GHRFGqAoeNJ1edlotBq6L66MhRWkoQ8nKHRNpQc069g==","mode":420,"size":529}}}