{"name":"p-locate","version":"3.0.0","files":{"license":{"checkedAt":1635960572376,"integrity":"sha512-nIst73auX/5NY2Fmv5Y116vWnNrEv4GaIUX3lpZG05rpXJY2S8EX+fpUS5hRjClCM0VdT2Za9DDHXXB5jdSrEw==","mode":420,"size":1109},"package.json":{"checkedAt":1635960577639,"integrity":"sha512-YxBHlBUZv3RKCwyexRnWOzRERxeFlKcuSdqy3aW6JuYTAEwte0r5xjMKDeBOeeX1mN7AScm/V5hX837aStRBHQ==","mode":420,"size":823},"index.js":{"checkedAt":1635960577639,"integrity":"sha512-pCFPBZ6tLGCF0lAVhLXMCysJ2K7jYSYvP5IC4CovDMLy0Wmb4fgpoKSPMLn1ec3L4lLOqPstLm9EBIKQm1FvDQ==","mode":420,"size":1042},"readme.md":{"checkedAt":1635960577639,"integrity":"sha512-tTpgxYnzv4f2OPI1kETLunRgQcQg4w2h1pQl2AwFF/i6JVxsy4a6mjRybptbjo5srMLrXsQA/JBBp1FOjII5kg==","mode":420,"size":2081}}}