{"name":"require-directory","version":"2.1.1","files":{"package.json":{"checkedAt":1635960577590,"integrity":"sha512-bFFVjphulnCGeSPHfjhory7rg4ElYKaA+Aza4l4nDyfDblcYPyo2xoFr1IfCesE9SijOijAfNlPLeuNovlJBEg==","mode":420,"size":1033},".npmignore":{"checkedAt":1635960577590,"integrity":"sha512-WA7J62Oeo0FzvhgqeQCMNeqfawCb3Zp/RJyDQ444puGvuZ4ZCmeksFSjWbR8I4ocs1i4KRoHawzjD+lxdlxtVQ==","mode":420,"size":8},"LICENSE":{"checkedAt":1635960577590,"integrity":"sha512-XtQ1QsLCdJUkSZ32dymLzroiwI6vzSITvi8nHJ3zfwHaTxfnqGVQb/kWYoYKm5N02zgqrLwORbBZacMi9NHDtg==","mode":420,"size":1099},"index.js":{"checkedAt":1635960577590,"integrity":"sha512-OgIGqr3FfdlFPQ538bEu+SiY5f2Tcj/FSqgYQHlwYgBSqk2jJlaiixTmPbVirx8tKbohCIVqIJMzf2jjcyHHXQ==","mode":420,"size":2867},".jshintrc":{"checkedAt":1635960577590,"integrity":"sha512-Ou8t78DCaNN+CcwD3hWAvLViHAmVZW3olrjaan5hko/DHR0/8wNdy4irlO+/ix6joEBw1xPXaV+x8qOwdYmeFg==","mode":420,"size":1853},".travis.yml":{"checkedAt":1635960577590,"integrity":"sha512-DVUvEWUHkvFiVXUYpr8nYKXxhXC0YPPjQiUD+IBG7mfCFkKhptxKojhnAZpdJMorMW3smSqc5utskT5ZW5oqTg==","mode":420,"size":36},"README.markdown":{"checkedAt":1635960577591,"integrity":"sha512-nn+jrwkw85s7gpPS3PogBmB+0kCOB9s4GbObsgfeer8qOt/Y4K/jimsMHnhxMetsmEeDtdjR4HnqNC6ShdZSQw==","mode":420,"size":5175}}}