{"name":"fill-range","version":"7.0.1","files":{"package.json":{"checkedAt":1635960574773,"integrity":"sha512-O+dv7Za/EVaiHYiAr5QmRcJz6dQc0OE+vcUztCtBBMVJQ3n+4Np2iEbSqOq0R6Zs8805P5n0HPIwR1gEDhMZKQ==","mode":420,"size":1459},"index.js":{"checkedAt":1635960574773,"integrity":"sha512-9+zGmXpDtoYCrWasViDnKRlW1UTYRM/o4DdYi5I87bwCe+aXpwqRi72o9BCdus1XsMx2Ys4ey7YrMEYsSYev2Q==","mode":420,"size":6315},"LICENSE":{"checkedAt":1635960574773,"integrity":"sha512-cjkrzNiWTIjsiqPYFXRqK2pEZtnHyo9CjX0PPiuxFnTvSUyjNciyVe7lglwIene7RaXWACXzGLeKZOGb7M0jxw==","mode":420,"size":1091},"README.md":{"checkedAt":1635960574773,"integrity":"sha512-q49lxfrZJcdxLNm44d27USot92YVViSTJqjJYxlXgg1GDH1Pd4lOhAxqXa8OsXX0w9OIbmzVMmw2s0LSx7ZWgQ==","mode":420,"size":7486}}}