{"name":"is-npm","version":"4.0.0","files":{"license":{"checkedAt":1635960572376,"integrity":"sha512-nIst73auX/5NY2Fmv5Y116vWnNrEv4GaIUX3lpZG05rpXJY2S8EX+fpUS5hRjClCM0VdT2Za9DDHXXB5jdSrEw==","mode":420,"size":1109},"index.js":{"checkedAt":1635960576309,"integrity":"sha512-us+r2fTPdw1xe/faOoAvtN5e8cCPzKh4gf++LoXtLz9f6KSz4SBtyY5Wyewi8NferBXOAlvQVca4HhkjHrY0mQ==","mode":420,"size":309},"package.json":{"checkedAt":1635960576309,"integrity":"sha512-bPkElKEUYMRSxWgQrJi9FElRSRjzUWSauApRzDcn0gQeolx0TVIdzVcsHBgBEHcdnPnHyUx88A4VWXwrxxaCxw==","mode":420,"size":600},"readme.md":{"checkedAt":1635960576309,"integrity":"sha512-n9EsqoIoySL1CrtkO1L3qw/OoLy91HYhz6PHt/YptMNTrwlX0szQu84ykug51Kdy057nHiiz5ywNLDP7Drz/FA==","mode":420,"size":1996},"index.d.ts":{"checkedAt":1635960576309,"integrity":"sha512-jFhtNEMzG+fx70C8Vs6s9RgKl/o2jWDTFWtYG3gqad5ZirZarC/D2GSOtCKghclivo9WR0kjBzWq/pUf4bAv4g==","mode":420,"size":780}}}