{"name":"isarray","version":"2.0.5","files":{"index.js":{"checkedAt":1635960574475,"integrity":"sha512-C7ocRFcqFHF++0lOjwDWfqn/QMxJ2c3bJtpiCUWI7dD1fiWtU7K4t5j/8G2BaJu1Coe96HcbB3eKhW71Fct2rw==","mode":420,"size":132},"LICENSE":{"checkedAt":1635960575041,"integrity":"sha512-CwBouL62hk27aXHZ/hZdLV/UILzW17u9j0JYnrmBv5XYVN8tFsIdN46m1I9WI0XS9m3g/RcTTf+oSV60lubf8A==","mode":420,"size":1096},"package.json":{"checkedAt":1635960577238,"integrity":"sha512-b+O/YxxOP53G2mtjFeYycMVEyJwaBigr8ZreQ+H1Ko6LDb4kBblW4c8PtXnkebDq7pSLMcuu2vNu+DEs6/GhhQ==","mode":420,"size":991},"README.md":{"checkedAt":1635960577238,"integrity":"sha512-zRf7JcIuwL/Fyay0ftwCYvS+hM2ZpInoK+i4yMpyAtjzvakPbGFDlVMFBNwo9DUYRQAJAuumeErxVPGyExdz/Q==","mode":420,"size":1211}}}