{"name":"responselike","version":"2.0.0","files":{"LICENSE":{"checkedAt":1635960573157,"integrity":"sha512-WQPxNY7CDCpB7fgVMMV13O4/Ezxet+0FiUf+6ss7ol7CH7ixJUQL2xwbaj6aY/+UZ00aocFllqfBO6vF0PNuHA==","mode":420,"size":1055},"README.md":{"checkedAt":1635960573157,"integrity":"sha512-fP1txO8oPHgB+3IiCiYNm8qjpFa1WUdWoCD7ZMEYkS+l0kkFNAFXAg3ZYNFbPaGqSF10sHX+SxApB9aOlAipGQ==","mode":420,"size":1924},"src/index.js":{"checkedAt":1635960573157,"integrity":"sha512-p8KnT6s6w3UATcvHTRgmBjeyzkJ7OMcKOuyeeSbsNw0/Fv0WjuKYU4VHBg+xLneAfmaPzP1AJKo6LBkMBa6pMA==","mode":420,"size":823},"package.json":{"checkedAt":1635960573157,"integrity":"sha512-yAwK2KFXoUkPo2oR72E5fwkInHj42GqOCryOTc/bMKkaUKk9Fzs6u7DKV27/MxIZKtmWZyB829fhpEAM2uK11g==","mode":420,"size":824}}}