{"name":"is-number","version":"7.0.0","files":{"LICENSE":{"checkedAt":1635960574773,"integrity":"sha512-cjkrzNiWTIjsiqPYFXRqK2pEZtnHyo9CjX0PPiuxFnTvSUyjNciyVe7lglwIene7RaXWACXzGLeKZOGb7M0jxw==","mode":420,"size":1091},"package.json":{"checkedAt":1635960574841,"integrity":"sha512-24Z5g85m+XlX2XVK6kHyUdX3hFNpOxU624oX8RlsWpl/UzKbaIPSw06ekTONi+jJJdWw+NOABfUFclBvoKqSvg==","mode":420,"size":1599},"index.js":{"checkedAt":1635960574841,"integrity":"sha512-dPUftdHbweyj4NBWhxpyvzxkcW6YFzLL7vZRxRou5KkDw8AHSQ6EWbDRuvwHXrSeuZkTyHqQFcevEigzacotog==","mode":420,"size":411},"README.md":{"checkedAt":1635960574841,"integrity":"sha512-cOqfmZYLP/oeP9sTRYOF1MMz0/2OjwpevKhEMVamN49Wbrs8f4E8/PWpnL0xfLgKtrOnkfUxkiwEOcYgqg4r2A==","mode":420,"size":6514}}}