{"name":"circular-json","version":"0.5.9","files":{"package.json":{"checkedAt":1635960574241,"integrity":"sha512-Eo+M+2HI6AYB4NtUhRGkeJ0KsXRfx/c1UzRQs3dFX3OI+A0j56i414qg6MYFtope4BVtfvKiJwOgEJpInfAOgg==","mode":420,"size":1020},"LICENSE.txt":{"checkedAt":1635960574241,"integrity":"sha512-i0lp6gmYd7dx9E6EY1mPmRSOFBpChAgHc5RAZToFI7QRMqmeong0O3TD8PKzs5dg0BYOC59pllwKblcLaHZu3A==","mode":420,"size":1086},"README.md":{"checkedAt":1635960574241,"integrity":"sha512-0Lz6O5LnfedjwzT4A31/Qz5+5UcrQfuTATloCXBWcOXbmLwby+c3mkEidImhRz9OEEuijbmog49+pEMNjqosQA==","mode":420,"size":5391},"build/circular-json.js":{"checkedAt":1635960574241,"integrity":"sha512-z5Am2kfDA2WmURmRGSfvoYMVp+EUd+wgDAhPASFV73jl39HO5BQYj7CbyiYjnGGy+TcumFSnXdETYt2Yfl1iDw==","mode":420,"size":3086},"build/circular-json.max.js":{"checkedAt":1635960574241,"integrity":"sha512-QxWQvMPI5c/58CETTrxDp0G24A5lniHpFpncefKd1wRjV940jdFOdTX0qGdLIy+2xfWrz2Rwh6YnwfuPp/QoEg==","mode":420,"size":6847},"build/circular-json.node.js":{"checkedAt":1635960574241,"integrity":"sha512-dLpXPTLOWJIUR0MlseQTBVps+IbYyomXQEVuiAiwGlJ3v3ePW/5TglKOxjEpIGMmstLpAGbvM9MDjanek8u07Q==","mode":420,"size":6795},"template/license.after":{"checkedAt":1635960574241,"integrity":"sha512-GxI9AuhQhgAhg52a2/PEfVitNflhWCLaj+c9LEw9s98QefhFz510PXESBaLzQMSq96fVgNySaxbVgmz3u2ACWA==","mode":420,"size":4},"template/license.before":{"checkedAt":1635960574241,"integrity":"sha512-jgRTFnkMQQL0H/9f+DpHl1jwOpLEhoEaJkplwx8FKMzUZ8rJdofFnuwwuaIaRYdOhZ3LmuJZjYySCfn/ckL9ZQ==","mode":420,"size":4}}}