{"name":"defer-to-connect","version":"2.0.1","files":{"package.json":{"checkedAt":1635960572431,"integrity":"sha512-uDCwCPW63xhp+jksSqsOsma/3/l9qdBxpTr/flTqehC58mIMUMPIo3dB7pOdyI3DJ1ZU8L6TXnCUnnboc+hYXA==","mode":420,"size":1588},"dist/source/index.d.ts":{"checkedAt":1635960572433,"integrity":"sha512-xx2vdSR/YlSWVLrV9aE6ya2ACLaCHTsjBwea/OtoX4O/tSxTICJSD4CId1fkPMFg4hBCP6aLoOHp2KhPbZAm8g==","mode":420,"size":346},"dist/source/index.js":{"checkedAt":1635960572433,"integrity":"sha512-vgYk+farkXcsLrRAwp/MgIZv0QOwBlzncCZt039C/c65KDRz1e24rQOaJCzEDrPPW04E+DgI9OwtWrV77/ofjQ==","mode":420,"size":1488},"LICENSE":{"checkedAt":1635960572433,"integrity":"sha512-JlwLnLfjTqY4Uaa/DaAs09pb6yg5t5vexyYHsmpa6w80qBLzeUHXfGkvn5eZpwbecE9ByeDzYLjUDbudC0FkgQ==","mode":420,"size":1071},"README.md":{"checkedAt":1635960572434,"integrity":"sha512-CG7+CJAKOtXat+lz1Bdk62RW8zY9RgQv4yjDp8eiGVyNoJx04zCxrNrwt4A6Bi5IwXM93384RyuBfLT+oBSJnw==","mode":420,"size":951}}}