{"name":"mimic-response","version":"3.1.0","files":{"license":{"checkedAt":1635960572436,"integrity":"sha512-0fM2/ycrxrltyaBKfQ748Ck23VlPUUBgNAR47ldf4B1V/HoXTfWBSk+vcshGKwEpmOynu4mOP5o+hyBfuRNa8g==","mode":420,"size":1117},"package.json":{"checkedAt":1635960573196,"integrity":"sha512-tdj/aCVhs1FREB/5hmB94cIPaeOhqvN1YZvfrdurNUHiR3xov86DWaX4VxY6VZYP+3DG/r6aOXhuL5P4I0gBbg==","mode":420,"size":768},"readme.md":{"checkedAt":1635960573196,"integrity":"sha512-vA1QV9lV5pG9fIzJ4qs8p2MwG9wwcSvKL6HRy7tcGFut9eKeVcEv/oBsW9hm0CVc2+WKGWaOklzgt7wADcZaXw==","mode":420,"size":1938},"index.js":{"checkedAt":1635960573196,"integrity":"sha512-M5Q8qOBbyyG8naZK5zjSXgK9PlNqVQFhEj3bayj51JqLrjyXjBZPKlOgYDLYxW3MKcZwdDauwlmjnAfDi/OyBw==","mode":420,"size":1581},"index.d.ts":{"checkedAt":1635960573197,"integrity":"sha512-mXxafh8l50M7abLyUmtZ2ckXZEtGZXktq+ZvfUPNtIiTd1gIxl7mi95D2L4SvA4hCK9D88ebJIirzopYQY4F2g==","mode":420,"size":599}}}