{"name":"escape-goat","version":"2.1.1","files":{"license":{"checkedAt":1635960572376,"integrity":"sha512-nIst73auX/5NY2Fmv5Y116vWnNrEv4GaIUX3lpZG05rpXJY2S8EX+fpUS5hRjClCM0VdT2Za9DDHXXB5jdSrEw==","mode":420,"size":1109},"index.js":{"checkedAt":1635960576922,"integrity":"sha512-KrG3gsTpYvE6dIfXFbAcb91biIkjzxa+yzDU2rgRLRxSlgxLL4lSolr7984j7Joq8IrTeDaswM9mdVRUf8+vyA==","mode":420,"size":797},"package.json":{"checkedAt":1635960576922,"integrity":"sha512-/X+TWN1dRgSi1eFMgGcCUOjKaer6KT5y6zJz76MIYWC9/Ok/UhRmB8ANriJyAYDtOjlIAU/w/LGouZswEwoPNA==","mode":420,"size":718},"readme.md":{"checkedAt":1635960576922,"integrity":"sha512-yUIp22FCIWUtyx2TuCEMMjqFAXJw5yiEl4DjE9Yfxjo5LiMmfUQDaQzEsHFObiblmNtUwWo/iLDtnk4+DIsf1w==","mode":420,"size":1914},"index.d.ts":{"checkedAt":1635960576922,"integrity":"sha512-xsSDMYsanun1ona60WSPxIGTe9CLUqDbr4yFimMAAOHGCI+h2WJ6Ol5FGY7Xk3yvUDmctzG7zniMIYPTQMfbBw==","mode":420,"size":1738}}}