{"name":"@koa/cors","version":"3.1.0","files":{"LICENSE":{"checkedAt":1635960572607,"integrity":"sha512-Cu4TWtxjgS26ibRcZnVUzbdbdyW8lGttL5tYJIESAEFQm4A4WuoyBivsYQgXgd/svjl2inTNYC/u1yA0b9N3yg==","mode":420,"size":1129},"index.js":{"checkedAt":1635960572610,"integrity":"sha512-pMcZZjv/N4XIvN97imQEcxiA86p3t3Zf41vbnYcYjmG1WlVScTyKIU0uhr+RKAzRphcFrkQIkNE6JYQ/ok+Y1Q==","mode":420,"size":4324},"package.json":{"checkedAt":1635960572610,"integrity":"sha512-BF3MbM6BzXfT+Wi6snnSYkB1GbbhREEHJL4s7epHhqyvDFRZHn3KGCuiml7NfGJjqXKePcWcUc9gadEpawXNhA==","mode":420,"size":1173},"History.md":{"checkedAt":1635960572764,"integrity":"sha512-Pz24LSOV9KnISQvVygVAY+hZZ8JVpqhvekgUi65RcsAMidD46lNs+ss78RepcvpGcyzwjfsujLa+obUJGJTW8w==","mode":420,"size":2808},"README.md":{"checkedAt":1635960572966,"integrity":"sha512-vvHai294PGI6Abwgq94dA3dqbMa2naXil6ZHoXs3qzvUdHYodMWRSTnPYdM5n1xhoRL2o4k/stdiXpRi42EIuQ==","mode":420,"size":2065}}}