{"name":"path-to-regexp","version":"6.2.0","files":{"package.json":{"checkedAt":1635960572185,"integrity":"sha512-13eS8s3zd+XUhJfnQMGmksPv1p2o79T42AabxWjwj3IyLU8vn0Zw9obIz71AixiLTp2ED9wKxI7O+b4CYljCvA==","mode":420,"size":2020},"History.md":{"checkedAt":1635960572185,"integrity":"sha512-0jQb4LiBzn7ZgBxpLE4D7IQcUjnBvnod/iyCssJoIDmrhbMd9WQDWBvZzXyNxmTMROBHEpA/08tG8T/VphxWCw==","mode":420,"size":4930},"LICENSE":{"checkedAt":1635960572185,"integrity":"sha512-bYuXCL+h88+itj+QFSy28mlgwrpU+hGhbBPh1aP4X0EhUWaZAltrdZ4FGydlCbHWlRC2RCQUNOb4+Bs9+lqOYw==","mode":420,"size":1103},"Readme.md":{"checkedAt":1635960572322,"integrity":"sha512-rEaqVWJuPda6yj0FTy7SLEJS1Ug7fX5jUp57cLH9N9oz3KpCPjsrXMDubpG/I2WcfLzwniDywWBR2+cvSD8Krg==","mode":420,"size":11534},"dist.es2015/index.js":{"checkedAt":1635960572324,"integrity":"sha512-Es0GuV1jYGnrXow+KWY0jzc+3l1Nh+jh8SMmEPJiFdz0JZBCT5XmJnEQeSKMDXe8g9IWbf4g/aSlr831DbuG4w==","mode":420,"size":14195},"dist.es2015/index.js.map":{"checkedAt":1635960572326,"integrity":"sha512-C77nzeRDfcP1YtqeEcr2b5jeBkkeXHDdFL84se/TK5JrvxyIPYlNOuz6nbQfK5G4JgLd7ACdz7dOuuedWHAuZw==","mode":420,"size":29237},"dist/index.d.ts":{"checkedAt":1635960572326,"integrity":"sha512-uPZTN6DWgI6gXLPNtrhZ9/+a5DfLQ/oA+6PHqY0bEiK9J3/1TrrZuCK5M+9O9hWMW2lRHltTjVx8YZf8qixqgg==","mode":420,"size":4298},"dist/index.js":{"checkedAt":1635960572327,"integrity":"sha512-s15/IyPvCoaVX7gkL50mTR6Lj17Msb3BF7f6nciu06bTeV5Cnr65I4SPU1a1izWBlgqtxT9PCchqmx739ZbY7g==","mode":420,"size":14624},"dist/index.js.map":{"checkedAt":1635960572329,"integrity":"sha512-b+FmSTeNffYEUWQKkYUcg+KveLQgu21Ac5vbhZ15iz7y1K3J7MozrlYHuFUMGyLl9Kae5u3RECxR1PR0Wm1lgg==","mode":420,"size":29297}}}