{"name":"cliui","version":"5.0.0","files":{"package.json":{"checkedAt":1635960577325,"integrity":"sha512-0YAzGKUaBJ4MDMakfwj/gq5ucFrZb6nmocOGic2m/xiPSTxD+AUszU9GpfTggQwsVKQWd3W+ZwNyt1QColFB6Q==","mode":420,"size":1261},"CHANGELOG.md":{"checkedAt":1635960577350,"integrity":"sha512-aV34IepUR/4MANAipZmkvNz90Hfv4VZyJBo6bilQLDZ0HcwX8CnfhydShsSKDTRyQe/5Q2mWezbd3brrpuv7sA==","mode":420,"size":1877},"index.js":{"checkedAt":1635960578215,"integrity":"sha512-twJDmGywrYyh3HmGmjjudghLnJAQx6qPB4p40v71N7pf9JpHJDvDzFwnz217mtZBJn/QyV93rSG/+hKNXkUoKA==","mode":420,"size":8278},"LICENSE.txt":{"checkedAt":1635960578215,"integrity":"sha512-H+enD93zmfVwMWX8pTVdxfuzSeFakI3KMo4cqZeZtI71numd9Uvy4XTYHwuI42yLK7qRWjPVcZCV0FrmkZ5+PA==","mode":420,"size":731},"README.md":{"checkedAt":1635960578215,"integrity":"sha512-/oSb7u5W4JoWF6wcZgYRe8f8bVB2BbStG60F857y/bxASRTQIAd8E3VBCCvGdy6a1s9OujtEByKlAb1j33qV7w==","mode":420,"size":2656}}}