{"name":"touch","version":"3.1.0","files":{"package.json":{"checkedAt":1635960575103,"integrity":"sha512-27ZdE+5V5uDDmyz2IsxbgqfI3DrHnse6XrAxhQN9U6asF7sq4rEU7/pj/NLEdpl3YWCpMH94JOUUIV7WUr6nyQ==","mode":420,"size":654},"LICENSE":{"checkedAt":1635960575103,"integrity":"sha512-ydYWK++YgKWralr+lvPsG9nerXWMpCf5ui6OnZrar1ZJqtlC9pjzm3qaQ3mE+NwJFB84NM14sDEE+BrZCNFbMQ==","mode":420,"size":748},"index.js":{"checkedAt":1635960575103,"integrity":"sha512-XuIhzMI/NQ48ajteY8t3E/Y+jji9YWGaAvpZiTA8yy51GvE11xYOqRYjt4We20NsotpvRemUCKAmFGPt/D8qQg==","mode":420,"size":5038},"README.md":{"checkedAt":1635960575104,"integrity":"sha512-S6aaqu5Aurfxq0SDaN4mMekIjO/VFakwiIz9DBqJBBVbwiclZs2KJFTzMIZZ8vHn+j5gnm4w5wNRIOpPTdX+1w==","mode":420,"size":1224},"bin/nodetouch.js":{"checkedAt":1635960575104,"integrity":"sha512-70q97uJ7DFjKPdhK7ftqRLR0g4zQZbIW8rAqFUVYFo9CKxlVxvif+pTiZyEKZ+Qdnr55FU418cx+kCeSLofWug==","mode":493,"size":2612}}}