{"name":"once","version":"1.4.0","files":{"package.json":{"checkedAt":1635960572966,"integrity":"sha512-jfG3icVNhEy7rDq5noKJP5cfjz1Db3MZpNLtd1erhblF2C8CHpqx1tu7Nfq3/R+fhORw5SX1bE9DCK2/p2ho3A==","mode":420,"size":574},"LICENSE":{"checkedAt":1635960572966,"integrity":"sha512-P6dI5Z+zrwxSk1MIRPqpYG2ScYNkidLIATQXd50QzBgBh/XmcEd/nsd9NB4O9k6rfc+4dsY5DwJ7xvhpoS0PRg==","mode":420,"size":765},"README.md":{"checkedAt":1635960572966,"integrity":"sha512-zbuLOfJaovEpoeOZJZSwPlfRIP4/bgRoS/8AdEkZ7lxFAJ+f4/fl4Wbm9l1xnhqkr24lbZpDBwC8nAzis3vTog==","mode":420,"size":1772},"once.js":{"checkedAt":1635960572966,"integrity":"sha512-nZZn8IDhU0JgxopXqvHR2zaL0D2MmY1LXdPfaN3hiJ4je7c11z0p1lvaUMBb+HzDY3zlBLyIXjLSyQjXBvPcnw==","mode":420,"size":935}}}