{"name":"koa-convert","version":"1.2.0","files":{".npmignore":{"checkedAt":1635960573705,"integrity":"sha512-jWCdZNTj97kubLBHssQWkC9Z9ntxbPwbAw/0p0X3jiy2XKq4+jjTnPKOOZf+NczCTC5rHALeejnoIUZ73ucFYQ==","mode":420,"size":13},"README.md":{"checkedAt":1635960573705,"integrity":"sha512-PW/hCt+dynHYYiudMJg9SDHAFKp5enHuI+ffbsei5oGeiz52yrWYytyYWMNL0U6Rjj3QGHyFWHEwM3miLNcDIQ==","mode":420,"size":3448},"LICENSE":{"checkedAt":1635960573705,"integrity":"sha512-CubtiNgIdBm1uLyWLbx/mgLXKYpzU4HSEYojpnooHDrJU30JZ0mr8yMrX57GESj0IU8f/TDd+Tcm2nDhAAuVZw==","mode":420,"size":1075},"index.js":{"checkedAt":1635960573705,"integrity":"sha512-PI4f+JsoWtt9gtshMn1yYNNgi/1RFjgImnMQMvQ1/H+zU8h3Vbd9TN3/bLaLWvBgUcRvsa+bP7rTK2QGQ5UztA==","mode":420,"size":1584},"test.js":{"checkedAt":1635960573705,"integrity":"sha512-TbOF/E7pG9YhWKkSuTir6uG8Bmwww2K3FD/PIblL385hS4/dYvKNTbuB6bQ5FJIopf355z4kOVt3umubAFInnA==","mode":420,"size":5248},"package.json":{"checkedAt":1635960573705,"integrity":"sha512-GY7udQT7ZIZd9TmbLxCPPVzcMUScEPQVS5fkk0Tiu03n7KScvnNDTdw3yphDyeagzLbR0h58onekJ2zjcY320w==","mode":420,"size":861},".travis.yml":{"checkedAt":1635960573705,"integrity":"sha512-6PN3hlSnpIhIJObZMQbcv64lrXagJYdevMgtVB0wIpc4xg0BnPDxk1xGupByMDQndx2tQA82tjYS9/51nvFw8g==","mode":420,"size":66}}}