{"name":"is-installed-globally","version":"0.3.2","files":{"license":{"checkedAt":1635960572376,"integrity":"sha512-nIst73auX/5NY2Fmv5Y116vWnNrEv4GaIUX3lpZG05rpXJY2S8EX+fpUS5hRjClCM0VdT2Za9DDHXXB5jdSrEw==","mode":420,"size":1109},"index.js":{"checkedAt":1635960576210,"integrity":"sha512-8I01LRQCHPT2LbrBWF+u2qyONkx4dF/tg49U6HKO9gz/HERTgoRzEjMqs4RKXgqDm0qu2ywYhsS7/0el0L5WNg==","mode":420,"size":346},"package.json":{"checkedAt":1635960576210,"integrity":"sha512-bDZltLFd1DLDkOAU28lDLbUIuEI0kt5rAvT4EwquV5r7YoYBP5CrGdosg4kevdrZ79gxfKohf+j9bfyxc2a+CQ==","mode":420,"size":931},"readme.md":{"checkedAt":1635960576210,"integrity":"sha512-VbYV5bsRntsytuGtvcvXDHVq8GL6/uf7IwBeGIouASc2TQ+KkIAksiPSbsNJBJVVdvMbZaKM3NbGghP4kJiMxw==","mode":420,"size":983},"index.d.ts":{"checkedAt":1635960576210,"integrity":"sha512-MbsPkFyZUzAZtC+/GBh2EQ9rGL6tLMPxNy+lz4V2xfAKqp3GIldp5iA8Co4WG2HYkNNAL57hvemrq10O488Qyg==","mode":420,"size":379}}}