{"name":"ci-info","version":"2.0.0","files":{"package.json":{"checkedAt":1635960576201,"integrity":"sha512-VLEMaDwL0If7CzFAAkcehc5m+gUuMFDvi+ixJn9AiIUkTroNV+9JHHXW8rsW3bfrypB9Fl0W1RWtrV98V7OmWQ==","mode":420,"size":798},"CHANGELOG.md":{"checkedAt":1635960576201,"integrity":"sha512-aoOldYkHv3QWd58Zc/plvJfHq3yUj6JlJZHFHbTbc3+1aV1qdLXSEsEuIICQ8EjU0LjRQp/pMi2zgFo6J5r3Sw==","mode":420,"size":2004},"index.js":{"checkedAt":1635960576201,"integrity":"sha512-yKejQd2ctLwSqO7o6c1UpTUUPYk7XuwGTooX4n6pUoDwmAHTjkIakzPralxQ4EhJz/UYe7DL+MtnZKCBzS2d3Q==","mode":420,"size":1739},"LICENSE":{"checkedAt":1635960576201,"integrity":"sha512-2KVUREHYKdgMoMzPJX/RY12fWR3jole3XkkqD8Gf5f7pOwcObXeU3HyFYaOqdK/qFh8oy82bZ6ZCrjQxRdRMXQ==","mode":420,"size":1091},"README.md":{"checkedAt":1635960576201,"integrity":"sha512-rt7zppKM60ZaCRlr+48TzECH/7NQEa4cJJve5fQgVqdXXag0pa230OA60ENab9eIs9mW0DdqSZRcnJCp7a/BKQ==","mode":420,"size":4146},"vendors.json":{"checkedAt":1635960576201,"integrity":"sha512-9+uHCz73jFBCnQ/szd/64Y25Krfl1HSWn+nV+4fD6vOEiXOxcUCFW5FRa4dnSwjsWGzpqtgcuPP8GqZ51itd+w==","mode":420,"size":3030}}}