{"name":"base64-js","version":"1.5.1","files":{"LICENSE":{"checkedAt":1635960577175,"integrity":"sha512-arS2Pilqch2xz5c3GYBa15akt3T0Lenikn5xIPUzT936ymD0CJkdIFHLRdVSJWzkgWETFdnzpboKECPN9yhSWw==","mode":420,"size":1081},"base64js.min.js":{"checkedAt":1635960577175,"integrity":"sha512-lLcC9HW1OX4nBfl9z37kP5wliBgGQUWqE9Vu20ceI8/SZodj5O8s4QI81UkPxqOAsGHlUT6sxYZbQsNJMgiY/Q==","mode":420,"size":2192},"index.js":{"checkedAt":1635960577176,"integrity":"sha512-ctVBvIN2C6LMnjVDZYisyi3ozSTdXz+ElSBZVTiG9HxWnMIBjkwdhzN+iVpv7i280HtxlpQarG2YnJOUbbqyPQ==","mode":420,"size":3932},"package.json":{"checkedAt":1635960577176,"integrity":"sha512-bgiB92sryXzalNTEQBo7KDCeooWewwLVHSAhbxQaM0pS1LeU8MKSpHnnpUNVfEgbE38vuvfClXEGA3d5/WPCiw==","mode":420,"size":1115},"README.md":{"checkedAt":1635960577176,"integrity":"sha512-qBXzUl7ymDXg/jfl8cMwrkX+R2J+Oa9RK4Ky0hvNmH1jqM0b4Tj/aRXhqm5oBrQb7bmbmOD3qbqMuYQzhATdVA==","mode":420,"size":1143},"index.d.ts":{"checkedAt":1635960577176,"integrity":"sha512-+SNpuNuS/szaUzwsef9DCvIgZ/oqDKTJTmJEwLCgcacLJfk53ww1UKLRfondTTL8EhUxtmwAUSxgyXBZb93pHA==","mode":420,"size":161}}}