{"name":"glob-parent","version":"5.1.2","files":{"LICENSE":{"checkedAt":1635960574854,"integrity":"sha512-Ca6s7X2ZfTI6fGB3faWEyIGYcJajB9jLXcw0mcKJ0htY9zs6HW2o8jDnuqZOv4yfJt5kw4rAh0tRhzlxKM6raQ==","mode":420,"size":753},"index.js":{"checkedAt":1635960574854,"integrity":"sha512-d7dN81urIl+AgVs+2rwo/aIBVYRzVrIutDMsHVgiDEojj7sprmx818+3e8IPt8QT8WZfiDHqPJvK0Yc/zsZ1LQ==","mode":420,"size":1120},"package.json":{"checkedAt":1635960574854,"integrity":"sha512-1clKscMLzwwOqg6cKj8agX7y5kyTU2w6v4vDWsQHz6sx9174OZCudhecNKUYrsSES3vaigPFd36vERycoWZjPQ==","mode":420,"size":1105},"CHANGELOG.md":{"checkedAt":1635960574854,"integrity":"sha512-dHv9RnK7Jt8LHdXB7DJnpHZdTYF8/CqeW6Q9n201h0zoVwQha4+b/1sKvlNNMjcSC3b3D/P7CQfqcgGoPrZKZg==","mode":420,"size":4510},"README.md":{"checkedAt":1635960574854,"integrity":"sha512-mj6hcRQBOumgjqcf8pAQpY3tuJKKiqPLOH3xMiRRzjRKuQ5zgmzUTV/KtbFs3+8EI9a1tasZTG/QbJPAVDWeyw==","mode":420,"size":4646}}}