{"name":"get-caller-file","version":"2.0.5","files":{"package.json":{"checkedAt":1635960577520,"integrity":"sha512-3b6UhLMptAZUYpPbKkzqBPXarYlwAUTihexaCKPPJgrYT0g0ARmh2+R70ib04tHzsxm/jBmGVYpetgRkjsLmXg==","mode":420,"size":954},"index.d.ts":{"checkedAt":1635960577520,"integrity":"sha512-9y2qYQnORvy7GRwlnzfTlg5LLo6ngbESoxjMJ1exsJoo6qgnyYbSjUr3penRJ0i1k5XulvN9eeuIyG1KhDWjPw==","mode":420,"size":71},"index.js":{"checkedAt":1635960577520,"integrity":"sha512-cDSMzR02+UI//xCskjv/qFjhW+/RZSfVlWmWvE+eT0EPZXdwqSnHDWkuHnfAN9p0y9bLFzAb3d9C32TaTB3OnQ==","mode":420,"size":1108},"index.js.map":{"checkedAt":1635960577520,"integrity":"sha512-7R6xUjJALwbxsfpAiqWJdM/9VUq3jKKz1kO1g7d17wMIRQ5aIAPohwRok2aTmabXxQa6BmKBslscSF1dzM8irw==","mode":420,"size":773},"LICENSE.md":{"checkedAt":1635960577520,"integrity":"sha512-vXB9qReK0Gp1hM8E9zAagWjfRMEPqmTze74XbuJlTTqHXnrGbOWIWi1f4bIrrQBwU4vPiP+MmyIrmK7TLWnYoA==","mode":420,"size":745},"README.md":{"checkedAt":1635960577520,"integrity":"sha512-z9//lS1yIIj9kE++UaVCMsAa93qn+bW9xmAe67nq11uzpNRSbz2InOLMhwFUhsPd4VoWeh5SoeJ/x8d10J6YZA==","mode":420,"size":1068}}}