{"name":"wrappy","version":"1.0.2","files":{"LICENSE":{"checkedAt":1635960572966,"integrity":"sha512-P6dI5Z+zrwxSk1MIRPqpYG2ScYNkidLIATQXd50QzBgBh/XmcEd/nsd9NB4O9k6rfc+4dsY5DwJ7xvhpoS0PRg==","mode":420,"size":765},"package.json":{"checkedAt":1635960572995,"integrity":"sha512-3moA9kl0cQsSwPXDn7RyCvApJSfjgFlOqpRGeQViQSp3Eh9pRTFc/sXjYJGd2UrU5sQ1mAGPDUNSez1jT9CVTQ==","mode":420,"size":606},"README.md":{"checkedAt":1635960572996,"integrity":"sha512-8+XbZlwNiAJJx025bh0DaGgcn2qXAMmavSaRe8/gXqSCYqJ5rXNwzq1nPLmoGTfKNWkH6S0H2JUajY6AKMKocQ==","mode":420,"size":685},"wrappy.js":{"checkedAt":1635960572996,"integrity":"sha512-YhiV3LV3nDgnrSnCFq+BbQyZaGsfGO5FroRNpnvhkJriTh+9EaCb7yf2+BQ/zTnb900oOaMMhx38mOLJBd/0aw==","mode":420,"size":905}}}