{"name":"has-yarn","version":"2.1.0","files":{"license":{"checkedAt":1635960572376,"integrity":"sha512-nIst73auX/5NY2Fmv5Y116vWnNrEv4GaIUX3lpZG05rpXJY2S8EX+fpUS5hRjClCM0VdT2Za9DDHXXB5jdSrEw==","mode":420,"size":1109},"package.json":{"checkedAt":1635960578085,"integrity":"sha512-lOvbh8fNs46oeLy2FaE77xIUzlmcO+VAQ5XWrpTjsPx37lXmBx/O90m1nA81I57Q4sHJBOe1n8kQx0dMGKau8g==","mode":420,"size":599},"index.d.ts":{"checkedAt":1635960578085,"integrity":"sha512-ij4ce8Yy+oYHJ0xWM8fZm5Ci3Xp5lqVzlwIBLTmKEPHcYIuU3GyPgk4F+8wkNn7aaayeSW7bDKCfdKOkC04Vkg==","mode":420,"size":448},"index.js":{"checkedAt":1635960578086,"integrity":"sha512-s300sZgtKZ5F6ve67dexIYQmLWPVrhy63s53cmkQiKFK6zXngOvLH3kCd/tQcmIHWx54nbQkQLgXR1xuhz+HHQ==","mode":420,"size":268},"readme.md":{"checkedAt":1635960578086,"integrity":"sha512-BEHTWvSglCV2ezxjnadgUORRkMwy+fUryCQYB6zVzuYwI7psyNfwIjCZvgiEOiY5Bhxd2/Rw5+NkfYi4BAYpxA==","mode":420,"size":968}}}