{"name":"koa-static","version":"5.0.0","files":{"package.json":{"checkedAt":1635960574576,"integrity":"sha512-RrWR9ereI8IWj7BE2mXZmVlTl8EpTV+czx5DFVZ1aYQR2og2GfAPZ5NLbEAanrdYvGGYJ4GS9az7Dyk7SWCf+w==","mode":420,"size":1080},"History.md":{"checkedAt":1635960574576,"integrity":"sha512-inrURUdOXOLibSLdUFV7/4SJrBh2vDxf77mmUv9ScHni0W2VU5vXok/M26HBvQQbOtevsGtrlwCLDQyeL5GiJw==","mode":420,"size":2033},"index.js":{"checkedAt":1635960574576,"integrity":"sha512-fhVf1j1TpsW5UZ2Lckcq9JDRdj87xlpucANaaXgQDEmn/OOxmfD3Hxloa3qhLML+XE9DDBaEku4Yjsjkqp0zGA==","mode":420,"size":1418},"Readme.md":{"checkedAt":1635960574576,"integrity":"sha512-6NQdOgaCYCbzpm1QvGFQquTwZGo8FbLEX9hZq2BpRTevGbeObsfGvs5aAg7QfRaf909wSD1yraWk2mjgKANWCg==","mode":420,"size":3285}}}