{"name":"ylru","version":"1.2.1","files":{"package.json":{"checkedAt":1635960573386,"integrity":"sha512-BO3Q6Ui8R0bAThsrEgNpv5bE+q4zLftul8d3kGV0Bf9ecIbCG/dKayx8OBmm+Tpyi4Ic+uI853rq04AXjaQVuQ==","mode":420,"size":889},"History.md":{"checkedAt":1635960573386,"integrity":"sha512-b00JElme7UjQvMS4bfF/Nc3hfeguiWbh5vw9t46kufKmsUc34luvnFkaF0V8idavMBsJm3VShO81/uqsJBxLwA==","mode":420,"size":443},"index.js":{"checkedAt":1635960573386,"integrity":"sha512-9/OZbdz+E3QVuMRqhPCMxmyQOCg6dAHvsPRjAeh2fhcc3eWMSfdANG+GCiyQj48mkm3qi+WK7auvQonmMOlJYQ==","mode":420,"size":2337},"LICENSE":{"checkedAt":1635960573386,"integrity":"sha512-yUmz+2O72Yjtx3YBPlgafFliBSX/rO7YcBDJkACAR4UJUPVlwJcXYGOCpGUynvo5W5EOrRf+iwjYBXjgbJDzLw==","mode":420,"size":1090},"README.md":{"checkedAt":1635960573386,"integrity":"sha512-DMCQENH2aJ0sraixrcW8Fc0X3MIaQMYyXuN8oYdCOAc5LABa4jnBhlC0jjN9+kFCYJzVNqeV+y4Z5cBShQThFw==","mode":420,"size":2687}}}