{"name":"ms","version":"2.0.0","files":{"license.md":{"checkedAt":1635960572259,"integrity":"sha512-K+we+03Fn6Q2w4obRbPb1Uo2hGC8u7PZeRtlJ1tdw8caTFS+RY9MdHYdzLiJfvqrRt9aQHcj2lxI89sC1VXVuQ==","mode":420,"size":1077},"index.js":{"checkedAt":1635960573922,"integrity":"sha512-TC8x8fKil6tsVaIdWKXCbK0iwe0ZE+ekhgURHSFyV64tnybqiJ6GEOARupucSHyR7NtM6jQ3U0+vkF6PuJuiSA==","mode":420,"size":2764},"package.json":{"checkedAt":1635960573922,"integrity":"sha512-4ymm9qON0zvWAzSo3sSpGqbn2rKPCJMkA3SuajA8EmRjmdghQD47gOtRMX0YCOar8wvZGwvZmVH5aBWiK6EFxw==","mode":420,"size":704},"readme.md":{"checkedAt":1635960573922,"integrity":"sha512-vJhgK7K2euT++siVzvIvPCWy52XZB0EhcA3FIzZf6yUrqBNoQnX3S3/8pKjL80toOEquGoS7dtCeVUE3QRcgBQ==","mode":420,"size":1721}}}