{"name":"global-dirs","version":"2.1.0","files":{"license":{"checkedAt":1635960572436,"integrity":"sha512-0fM2/ycrxrltyaBKfQ748Ck23VlPUUBgNAR47ldf4B1V/HoXTfWBSk+vcshGKwEpmOynu4mOP5o+hyBfuRNa8g==","mode":420,"size":1117},"index.js":{"checkedAt":1635960576219,"integrity":"sha512-ZIjH8FKTrlCJAIzgpARFYyh/PEyPu19MFrMk2ivk3dnBv4yRnbDymGmceaK3oqnnuDSHt86HhZw8kUEPqHqPpA==","mode":420,"size":3111},"package.json":{"checkedAt":1635960576219,"integrity":"sha512-RFEDVJwwaI86qtoGDUAzG4Nj3ryaPZezLeeEL6rskGX52muUrPXRX2i10AyMXDesKmIUcumwZIftsroV2SR6Hw==","mode":420,"size":933},"readme.md":{"checkedAt":1635960576219,"integrity":"sha512-DsXesQX9ZmHaB/FpSq7VS3QlrsEZo7QSxaKoQaoeuWdJKb92EGe56P+4SBZ8jjlgPMlIpB+Dvf27rvl7KciROg==","mode":420,"size":1758},"index.d.ts":{"checkedAt":1635960576219,"integrity":"sha512-cH04/qy/ILSZzWfEDfubgnFT/eU0jwW7xIb7GtgCph4Z/ElKgyA6Br1DOoBgtfWa62o4dNiVG6NPYFDobvVx0g==","mode":420,"size":1287}}}