{"name":"prepend-http","version":"2.0.0","files":{"license":{"checkedAt":1635960572376,"integrity":"sha512-nIst73auX/5NY2Fmv5Y116vWnNrEv4GaIUX3lpZG05rpXJY2S8EX+fpUS5hRjClCM0VdT2Za9DDHXXB5jdSrEw==","mode":420,"size":1109},"package.json":{"checkedAt":1635960577200,"integrity":"sha512-mE10rWorrOu5PcQmUL01Mp4JFV/dBGC38i6Y3wKLELoi3ISZH1Z9zHpj7QqWVTVPGXJWSCoU1AM/FP0lZU35BQ==","mode":420,"size":622},"index.js":{"checkedAt":1635960577200,"integrity":"sha512-tJhm+k8RSs1xf5CDDByPKoe/vefU7P2bKyt+xKiFV2h3RhGKkXHH7S4DnBEX/tbA5MVSRsRH7y3qrNrvZIcDiA==","mode":420,"size":387},"readme.md":{"checkedAt":1635960577200,"integrity":"sha512-v7OlakH7Cc4qzeUV8ENLV7nn+SEPK6Y4i3ShJrVdzNcg7+S1jiniOhrdMO19pj+cWm0uuhhDgTb8nbGUQAslYQ==","mode":420,"size":862}}}