{"name":"normalize-path","version":"3.0.0","files":{"LICENSE":{"checkedAt":1635960574734,"integrity":"sha512-n8vl3Ia8M7208SVVnnZ8OqrZTHxLIbgLaU2bAVjuDxDuU7Enwr8F25dor9rx+2d4/QihlBL7PBra1lWGPmw1HQ==","mode":420,"size":1088},"package.json":{"checkedAt":1635960577869,"integrity":"sha512-u3l/gCnqSSxolOXztDsiCQ0JD0nfAIyCzBD0rAf8dX7zY+JuWDK4xAm5VbN4DbNNZ1X9uCBaM+GvB9zuGaHRFg==","mode":420,"size":1666},"index.js":{"checkedAt":1635960577869,"integrity":"sha512-nvPxxpQLrswH9LSh4BxBj59nStOL0I94QgLGq53a5VJlLO9mGtjucrY2w2aTDdEH/XU6/i/bYy3Z/0noZk3yLQ==","mode":420,"size":1024},"README.md":{"checkedAt":1635960577869,"integrity":"sha512-TyoL2GoalOb+M6GLtMLPby2BmpF1F07F6YFYyS4CHTPZcpozAWUQrYNeAHOFmEt7soitPZ3TJnA1JQbkIVyGhA==","mode":420,"size":5441}}}