{"name":"update-notifier","version":"4.1.3","files":{"license":{"checkedAt":1635960575207,"integrity":"sha512-9Ko9biztsEUyfGPY7C4WmGlaxGm9AyoiehJZ4t7puBjwt84X+ju9rmInMX+jkZSKMhWrUz3Q+oeNwPrTRQk89A==","mode":420,"size":1254},"check.js":{"checkedAt":1635960575227,"integrity":"sha512-boq1L11Y3o81mg2R5OAmR9NZFR8Ul2f0D4bzllaaTFfhox2fLAfogHoWNDDl9Vg94YJUQ8XAOCoiFBGFyZwnyg==","mode":420,"size":780},"index.js":{"checkedAt":1635960575272,"integrity":"sha512-R9Czsq+E2uwpCwHFd2Puf50j5ug90D804j5TTZd1zvVJJwafVAierjJMqEuqqP16Rpxr/x3k9mM/G6d37onuiw==","mode":420,"size":5324},"package.json":{"checkedAt":1635960575318,"integrity":"sha512-j3KGMEpoiE7B226L3YEOYG/sHbCh0N+VdnI2rQJikEu6xTm/mLaij7IIy6KX1So06cZxPt/BzWSVwJOWxwbw7w==","mode":420,"size":1235},"readme.md":{"checkedAt":1635960575364,"integrity":"sha512-88n90wefJKXYx60R9+IXXDALWaje9lWeKivv/sERc/Vks4JpkksG3Ohe5767gDQsMIoBjbcqy0X4eePdPLc/iA==","mode":420,"size":6795}}}