{"name":"strip-json-comments","version":"2.0.1","files":{"license":{"checkedAt":1635960575176,"integrity":"sha512-rnnnpCCaRRrva3j3sLiBcOeiIzUSasNFUiv06v4IGNpYZarhUHxdwCJO+FRUjHId+ahDcYIvNtUMvNl/qUbu6Q==","mode":420,"size":1119},"package.json":{"checkedAt":1635960576762,"integrity":"sha512-FB20xJDE2pqKfaswo9d/RGeftTA2Z6SAkTtYO98UexEzNVs/WjYqVSmRCf6gdeVyO31+if/AuvIlSvAlsNeczQ==","mode":420,"size":749},"index.js":{"checkedAt":1635960576762,"integrity":"sha512-eGq4bURLplcChHX+jbnkeyx4dpztyomoDn7tJkTo6pp+cbgbG+aSE/a3YTBxGJAaCB3ot5wOpx9yXkwHfSTiEA==","mode":420,"size":1700},"readme.md":{"checkedAt":1635960576762,"integrity":"sha512-R8GmjRZ6F3kXbs3wP7sTyScNUqRY7y8MHorysiUFZAkyu+As1Alc8mBV/rJ3qJ9yJ45O/DjEL97GPG05kBqJcQ==","mode":420,"size":1493}}}