{"name":"qrcode","version":"1.4.4","files":{"package.json":{"checkedAt":1635960577177,"integrity":"sha512-x5+QlPuWqzYWrz99+HTiQ5UQNZZIlB5OtDhBfbHA5p5tBq057c0HLq4U37fCIoEQ89343+Bczup8ClDajsl+Zg==","mode":420,"size":1661},"CHANGELOG.md":{"checkedAt":1635960577177,"integrity":"sha512-EbLeUGFOX4jUtI2LDsgLZxaEL5S9mmtg/XvDruW+gk2Gfc/CBoSj0ryblqcDqHaWArFlScxOubKSRO5vyozWXQ==","mode":420,"size":2454},"license":{"checkedAt":1635960577177,"integrity":"sha512-LNxh7GqdMKagZ3KIK34PBRgS70A5TlimhBOSBpPagUWp7lcRa65NicJmi7NBjo9Bky3V379lFeZLPcXkTytlwQ==","mode":420,"size":1076},"README.md":{"checkedAt":1635960577177,"integrity":"sha512-VPlHY62m3KmgAzSTCSmFha4PcWsdL6WXhOXEJI6EMYnxAQFKox+MfkMPIRV4ZrJVHcKiWFfwY0MNFQ+1pFElTw==","mode":420,"size":21992},"bin/qrcode":{"checkedAt":1635960577177,"integrity":"sha512-RT8U0LQa4rlWJtekKawgqV5iZcji+ZSsvs5D/UX3dSr4DFCibkhhseKS4guBeioExKOHfntBr1DybZEUtzjjsg==","mode":493,"size":3300},"build/qrcode.js":{"checkedAt":1635960577856,"integrity":"sha512-oxrVyBhqnzQ0BzuM0A/6dEIk0alz0p4SpDRaWvtuUoarIc8rnL5lVniHG5Dp21MRFojcQcmKHjaskNXhSaUPPw==","mode":420,"size":390000},"build/qrcode.min.js":{"checkedAt":1635960577939,"integrity":"sha512-6x997BOv0e4O+G45Cwr4PZMYXP0ATChLcSob5IB6DPpXvDfRDMBFClXOg5ahmIVBoAf2tnsENpkHRJckceZiwQ==","mode":420,"size":55131},"build/qrcode.min.js.map":{"checkedAt":1635960578164,"integrity":"sha512-1dX3BscsCbcKFRmCVRH4P6+BLGm4b9zsD5qHIh6JJByLgPCwrCP/t8vbqbpF5wkN/WFCVRvOghO0zUYb3ZKPWQ==","mode":420,"size":84969},"build/qrcode.tosjis.js":{"checkedAt":1635960578440,"integrity":"sha512-e5aGy/cYClSwGah1SzHyksmS5ap7295iQoDFO3XuVmxPutOTh7MTI1uxMVv2hdp6NUsppB21tvQTFyN3kK8ZRw==","mode":420,"size":53139},"build/qrcode.tosjis.min.js":{"checkedAt":1635960578443,"integrity":"sha512-jLQFnnkEaoAoMYiv65OTdzRGrhAlJGYiqnA2JRT7Wrug9ov3Mjw1f/7SBRhdE3rmdRe2OOkc5BHWg/9AeHwIpg==","mode":420,"size":21884},"build/qrcode.tosjis.min.js.map":{"checkedAt":1635960578443,"integrity":"sha512-tQfNYQOhW8bME2z76+ZBtSgLEjDIsc1sMQRBypQc7KDO0TG5qKPQ6oMSyAUd8MFw36lNG7jviQNvHrO6vqtKvQ==","mode":420,"size":2299},"helper/to-sjis.js":{"checkedAt":1635960578443,"integrity":"sha512-nFRGc2vGpTBNoUAE1nEoJWMpKvOTW2Mvpku8X15E0pd0qxPTnUCIxCf+M2MN44rSf1ohw2GQgiSeslSXgdUgQg==","mode":420,"size":21638},"lib/browser.js":{"checkedAt":1635960578443,"integrity":"sha512-oRsGM2jV0s+2v08Ay2CAuqjlu7ej/KnnZVecGlyRoyqD7D5gidWBzfXzZVb3Wg8Hu6vC7t3r+K8HwoTUex+x2Q==","mode":420,"size":1868},"lib/can-promise.js":{"checkedAt":1635960578443,"integrity":"sha512-el4w2HrZS5aIdLw7I07tUgZ03AiKppU4DqbfR5RqI7q68bfbENf/dZmA0fawYpCNQmtxYrovXatoWzRcVmrHOQ==","mode":420,"size":275},"lib/core/alignment-pattern.js":{"checkedAt":1635960578443,"integrity":"sha512-DTSE1dgvxzrz/rmVj6FyaR0WJkQFc1jnjDOe/akQjpjL7UIXi7h5RdiVO4lJRpDXCu/7uQJoWf9B/1cBKQr+hQ==","mode":420,"size":2992},"lib/core/alphanumeric-data.js":{"checkedAt":1635960578443,"integrity":"sha512-6mQVh/BEvgKPReAyogwFh+om0C6oSfLc8QkKxXJu1JEiskjjGkeF0zpkFpuJ++OEu+jhBlLhi9RHm7k3mJHFlg==","mode":420,"size":1818},"lib/core/bit-buffer.js":{"checkedAt":1635960578443,"integrity":"sha512-WAhIi9KOooOFhYBLMniYdm9wvN8yLN9yPhtaWit8h2FMhAa2WBzEKdDyIeEkE2MWcN8hw71iBVhkWcFEp2pDLA==","mode":420,"size":715},"lib/core/bit-matrix.js":{"checkedAt":1635960578443,"integrity":"sha512-lHlDJTMY6IJ3RS8y0T3qia7F08fuIF1TuSrzqtJu6W6RtSwif2bX8XEuTFoIXikaivpqFotqwf14BXnpdKZtSA==","mode":420,"size":1548},"lib/core/byte-data.js":{"checkedAt":1635960578443,"integrity":"sha512-PHZBxllPeDp662doPRhX9pS7McoLCEVu0mw283TivysylNIVojcGJzo9Z2KMS3K3tf2qoFD4RlONRU+cmijh3g==","mode":420,"size":618},"lib/core/error-correction-code.js":{"checkedAt":1635960578443,"integrity":"sha512-vx6mpnqz/IhgKnwvdLG5diGmOWqH7BVOUYl8HYyemBr6HtWFXOHbYpCPa2hM6VNcBx2ldog6yYzwmxmnVryJig==","mode":493,"size":3409},"lib/core/error-correction-level.js":{"checkedAt":1635960578443,"integrity":"sha512-Zg5nQpf1Jkev5AXBlC06ZnGbc4RBvMelHwe6gWCYS1x86F0yobFujbXXQhSHa5JWn0o4fx//EduYFZ6oNOk5Og==","mode":420,"size":891},"lib/core/finder-pattern.js":{"checkedAt":1635960578443,"integrity":"sha512-xWgqECZfVVy4idmF1yP5UAGyI+G6424WGYQLJYmlLHjwQbCxyIvw1uuqYMIItIdulw4r8xQ3ZTwUYiydhS8D6A==","mode":420,"size":593},"lib/core/format-info.js":{"checkedAt":1635960578443,"integrity":"sha512-v43Ei5s9AQTfaDx/k5C4jKdzEDEpCADowFn4oq29ZoqaSpi0tdNC7LoXZrVEHozDQln02ihfha2DIqvQdEdbvQ==","mode":420,"size":1116},"lib/core/galois-field.js":{"checkedAt":1635960578536,"integrity":"sha512-hPujoZeBi/ZbtDTPF3Gqw1Rqu019F5b5dsHhnPy1akc79iSIDpdpqal4HcYZQ+FWgc1nLNRnXhu5+c6qVaU8cw==","mode":420,"size":1940},"lib/core/kanji-data.js":{"checkedAt":1635960578536,"integrity":"sha512-zwzt+Iu/buBpd1IcTOUtAlvqAbNkh2VQ8Zi7ttWie5mvXbnLcOsW6hRAAvN9oUkSFKfiMHR9ahpFybvN5ZZfXA==","mode":420,"size":1580},"lib/core/mask-pattern.js":{"checkedAt":1635960578536,"integrity":"sha512-+nlzm1kiY5J2k8a0OYyo/SWgBGjwu3BblJEdEfAdhbzqNyJesrba18Wo/j2o0INtcs7/lD5cybOV8kiyl39b1Q==","mode":420,"size":6081},"lib/core/mode.js":{"checkedAt":1635960578537,"integrity":"sha512-YiJrk/JQ2xewJ4oSDFpGc3EYl5bHHXUveYDn88gpU8GNJ7f0i6Ef5dsZTAFY0biJ5r/3oS2KijdEKW5IQ1SXgA==","mode":420,"size":3977},"lib/core/numeric-data.js":{"checkedAt":1635960578537,"integrity":"sha512-iAvOGQ7l7gUzFL2FDMxAA7rAjC0JyQdD2wCu1WRk0wuZnCcIlOik8OnZNdAs3scLVWB5EegAIQ4NLTdxVOv0rg==","mode":420,"size":1207},"lib/core/polynomial.js":{"checkedAt":1635960578537,"integrity":"sha512-AvQlJlKIGg9lLvkgP3hf19yGGK9xAnU/IRhHIBYFdkM7mNCcAQIcHcj47SOcG9nWZBuDxhGsieW7S8kMVzeMpA==","mode":420,"size":1591},"lib/core/qrcode.js":{"checkedAt":1635960578537,"integrity":"sha512-V2Mz05k7tJms8T8RUVtDB22ALp9RJs0caHvcW/yhetQ/hZB69bj0eXwSFXf/w0+UJIXGlIStVKimhvl/E3Hkjg==","mode":420,"size":15108},"lib/core/reed-solomon-encoder.js":{"checkedAt":1635960578537,"integrity":"sha512-ZGckkhrA+RVoZO4fnNgOc4hk8vtDlFUYHNuagO3+JKeeKTfsLs31RBA7cpyfc4ItjnaS+Y+UgK8VOoehRHNL6w==","mode":420,"size":1723},"lib/core/regex.js":{"checkedAt":1635960578537,"integrity":"sha512-G2gRrTaFfJStXHIGHu5yaDtawicEZuGc8Lc5/OHFNwF77GMvawHguXHwSYVk5LyxSw1Lhd4Lil1fjKp6m2FbYA==","mode":420,"size":1072},"lib/core/segments.js":{"checkedAt":1635960578537,"integrity":"sha512-frrFV6wN7RV8v1eXUk2OSN23H3SWNjlywizEzUfFGKBijiDPd9QKo0Jg+qZoLNd9UwG8MVqGkl5i0d9scTWMdA==","mode":420,"size":9274},"lib/core/utils.js":{"checkedAt":1635960578537,"integrity":"sha512-0nsL66JPoAIOkeaV7ATG9zZGtoVZlUHcBaeM1C5GYIe43QuJHTbEmqCdGYoBOubc6eHpcUMNTiflPcDIobprlw==","mode":420,"size":1619},"lib/core/version-check.js":{"checkedAt":1635960578537,"integrity":"sha512-6yH1As4R6UHhO6l/qy6fQj0UDjbHiCtQ4rMdUqgl+bWFrCEVBI/w5uHR/paZ2ww3ldiQJBt6bpXi5JKiIfF7Tw==","mode":420,"size":268},"lib/core/version.js":{"checkedAt":1635960578537,"integrity":"sha512-6KbL5ViJj49gSd/rjtuxdde6c+2gMb/CQ1MmE/jQHUAUc7LlA5I35MkjYUQidI8lpPrshB8/sp5qIkbBCcLYdw==","mode":493,"size":4927},"lib/index.js":{"checkedAt":1635960578537,"integrity":"sha512-ZbvlSxAeE+nM3ASLx/ltNBfNALak9YqAskS8YfenzCr0y2P4ktFp/JaT6j8jXX5xPlqnKfRY0+nxgn9AaODw8w==","mode":420,"size":303},"lib/renderer/canvas.js":{"checkedAt":1635960578537,"integrity":"sha512-bBCwvXWm+3RIPWZs+9ys7ihuvhEVKuCYU2SWf/IT1v9FfdnYv6pkdAnnFiNI8Z8E/W9n5zVJUoXU0j1MIPP0DQ==","mode":420,"size":1487},"lib/renderer/png.js":{"checkedAt":1635960578537,"integrity":"sha512-Ojw7/v5747HILl0lzz0eTHpoZpnpg5Od0GT/r0hTe9bt5J+yhYV/2CMeQRC8dsgunLeXNpFBA9BmxSsdz29V3g==","mode":420,"size":1628},"lib/renderer/svg-tag.js":{"checkedAt":1635960578537,"integrity":"sha512-rBeK/I2fbAtkSrIXif7Qo0MocV00IMBip0V1Xsq+o8dnwAC1vGyC6qr1uxTb7RdZ4BGuLSqLjfHfxAXmZ98z9w==","mode":420,"size":1943},"lib/renderer/svg.js":{"checkedAt":1635960578537,"integrity":"sha512-Q8bO9762d7sDKzgwQd1y0G/732hBvB+Qo3IUvQ7LUCI4Wz0lb/l6l2Cxu2oRjufSIU6xLpJhlZd9ohq1HCYdfQ==","mode":420,"size":524},"lib/renderer/terminal.js":{"checkedAt":1635960578537,"integrity":"sha512-Jt8FXE1K6mtCvo+O0a4NwVmtWqlKOASCYASHwoS+qyj+672h0YS33KZf10R26YZh4pvvTUffEQt9alfRddsJTw==","mode":420,"size":1208},"lib/renderer/utf8.js":{"checkedAt":1635960578537,"integrity":"sha512-CQUaCI8ZuggI5tPv4fne9DCQD7mQCui071ptW8Ht8rfHai7nPihvlx0ygNVM+o2r8D8U3ksKk4sMZCnGhYMgYw==","mode":420,"size":1557},"lib/renderer/utils.js":{"checkedAt":1635960578537,"integrity":"sha512-m6Qr1X+4pSwlJ3q1hlONw6HRw/70LQoVbPM+4nFbROhX2FWOdJ1wPdIieeCnHTwJcVnf9c8p6aQos+wq6LNJMw==","mode":420,"size":2860},"lib/server.js":{"checkedAt":1635960578562,"integrity":"sha512-sJiCKzDH99Z0UkXgzLVjhQRxduXdiLW4/mZlXVQQauChvo5coNQ+vNmwtrbG1cFcdJHLTk9i/dbd48b+OhxqSA==","mode":420,"size":3483},"lib/utils/buffer.js":{"checkedAt":1635960578562,"integrity":"sha512-iCoJ7aATpPesmNm/3hgDRDG8iKYSbfb+q0CJRsoryfWNPTs6gnFB8lCCGugUJOhlDXRBJ5ZfgpRBmEoLQnqzgw==","mode":420,"size":92},"lib/utils/typedarray-buffer.js":{"checkedAt":1635960578562,"integrity":"sha512-TmX01I6qwb0hq021V+BRTjoax1OYGcf34J050qDp2M8tREi/aXSLlDumw/+61FJjAXzwFRcSBPr35HbN2FTJpQ==","mode":420,"size":12842}}}