{"name":"defer-to-connect","version":"1.1.3","files":{"LICENSE":{"checkedAt":1635960572433,"integrity":"sha512-JlwLnLfjTqY4Uaa/DaAs09pb6yg5t5vexyYHsmpa6w80qBLzeUHXfGkvn5eZpwbecE9ByeDzYLjUDbudC0FkgQ==","mode":436,"size":1071},"dist/index.js":{"checkedAt":1635960576480,"integrity":"sha512-KcXCQpZLGe8QCn+1lBc825Fy2amG+fRlRfy6qkPNIQ8MQw+dXQIiHvxi4WBqpl/Y3I1nABng9m+eqUy3t676+w==","mode":436,"size":1470},"package.json":{"checkedAt":1635960576480,"integrity":"sha512-1H9UFN7dMLDKkHhUUxyMqVEfFx+2Ib2cnbf7CZhCugxXZOxxcnE0wSixbjXotdP0+EgfkLpO9EQn3bX3wPOfJA==","mode":436,"size":1613},"README.md":{"checkedAt":1635960572434,"integrity":"sha512-CG7+CJAKOtXat+lz1Bdk62RW8zY9RgQv4yjDp8eiGVyNoJx04zCxrNrwt4A6Bi5IwXM93384RyuBfLT+oBSJnw==","mode":436,"size":951},"dist/index.d.ts":{"checkedAt":1635960576525,"integrity":"sha512-gSGN7FTdFb3+U0xkbSqyZkLt0f09JcCjr2MYahWKJkta/b0AwhqMlHATTb+hWU8kl37DNw2jR2W8SdMojS6cQA==","mode":436,"size":346}}}