{"name":"camelcase","version":"5.3.1","files":{"license":{"checkedAt":1635960572376,"integrity":"sha512-nIst73auX/5NY2Fmv5Y116vWnNrEv4GaIUX3lpZG05rpXJY2S8EX+fpUS5hRjClCM0VdT2Za9DDHXXB5jdSrEw==","mode":420,"size":1109},"package.json":{"checkedAt":1635960575314,"integrity":"sha512-yYEhZFd1PhO4aI88LWDiNv6EU7iYcJAdaYybtPnmZ8LaD+Lkc0d7RQFo9zUtKi2+CfP+GPMLGP8RDuCjji6adg==","mode":420,"size":746},"index.d.ts":{"checkedAt":1635960575315,"integrity":"sha512-sHd3sOxY90tIdEmV7tVLc7GbbH5rJ5yxhv7KMSQfRsEAudQEumZR0qVYqcuOgWgNoONoPXLrMDAk8idwXfez8Q==","mode":420,"size":1280},"index.js":{"checkedAt":1635960575315,"integrity":"sha512-gKWyo2k+D28fbm/GGvQTXjzCIzC9fDr1O/vyodypB0ubM1OXgd1SFklvFR/8H8gQNty42Ek09zGlnkwvcBEWSA==","mode":420,"size":2098},"readme.md":{"checkedAt":1635960575315,"integrity":"sha512-7jDDqTYjljdL+HznBBtw4/5cqDnERaO94EE6r/IQIbtBntWNaefQdAfFM2b3HfPX1Tx3FzDhUrx7ul6yY0UzZA==","mode":420,"size":2214}}}