{"name":"unpipe","version":"1.0.0","files":{"package.json":{"checkedAt":1635960574172,"integrity":"sha512-ZzRHwaQCL35G06GFex20gcO2HE+TYVbkIumbTvLjW82Eh6Sw91M5AKOwcf50dePRFzKj3wf5ljg6BPUIzpA66A==","mode":438,"size":770},"README.md":{"checkedAt":1635960574172,"integrity":"sha512-SIPuSjpXdskBeWChy+mA3xSB9xB9bkHzZzMo2t+oKAOzlZdRXj8S1DgraJeNIHzihPhzMMT3ZAWqL3pzVAMfyw==","mode":438,"size":1250},"LICENSE":{"checkedAt":1635960574172,"integrity":"sha512-59MbDWmlhxDb6EpZv8FXSWCbzU3wE/9wDePK6gsGaVYukFVX9jtL90WZfdiFlFegNmj39faZ758AdVVe5PGGSw==","mode":438,"size":1114},"HISTORY.md":{"checkedAt":1635960574172,"integrity":"sha512-lEV2rWEF6452fUK1x6yaPma5tzm3q1h8K87X0QyTUZis6xbvoBuCl/f+fltZgwBNEI8YGV0tV42212U6pdI7zg==","mode":438,"size":59},"index.js":{"checkedAt":1635960574172,"integrity":"sha512-v+wKJSyNJxjGt0fkDm06zxZcX3l/cl5HKeR3cHqqBPaQThsAaI3TSMol/hOt744/x/D8iwOHc1m1iDIkEH3A3g==","mode":438,"size":1118}}}