{"name":"p-try","version":"2.2.0","files":{"license":{"checkedAt":1635960572376,"integrity":"sha512-nIst73auX/5NY2Fmv5Y116vWnNrEv4GaIUX3lpZG05rpXJY2S8EX+fpUS5hRjClCM0VdT2Za9DDHXXB5jdSrEw==","mode":420,"size":1109},"package.json":{"checkedAt":1635960577494,"integrity":"sha512-sPPE/QvMYZBod3mQ9ZEbaKl61pMJrtYqvQ6baVi8qSebfSftY5XN3lUGI1n5Oe3eTw/RMdcFsX9TZhqXyJ+x7Q==","mode":420,"size":636},"index.d.ts":{"checkedAt":1635960577494,"integrity":"sha512-mPltyJsmZ4LSpD5gLNfkIWoFTxlYWO0kXdd2u4W4nbjZZrgjJrAWRq89KI/HyENNRr4YTRnI29/hio/197cw+A==","mode":420,"size":1082},"index.js":{"checkedAt":1635960577494,"integrity":"sha512-ndyxThlLLEeNAm0NzN7EfkWX1TEVBDc0P7L5J1IjEI91BNaxnf6ksI0PFOpwJSqgZUca6qZMXnlP/QEqg0ERRw==","mode":420,"size":211},"readme.md":{"checkedAt":1635960577494,"integrity":"sha512-HiRHjFu+eHv3KpDcUWfZX+lMbqh3iSS0kX0zG8kiPMbL7lLbLoWK12gejigQE6Wh6jtF1HGkDaqMaKPBuq+4Zw==","mode":420,"size":1333}}}