{"name":"accepts","version":"1.3.7","files":{"package.json":{"checkedAt":1635960573456,"integrity":"sha512-iluJAB1iLT9Tp+zknh0zl10t1wo1bwZLw2jDjwE9BBqxz4E+LWmo3zJ+HqQrp1UxLdcyv7lSzelmCtVHBWt8Gg==","mode":420,"size":1174},"LICENSE":{"checkedAt":1635960573317,"integrity":"sha512-oaKT6wCX/oeHXzv5CMwLDujxXplcaOmEtqJOJHsulUQH15QeqWq9f+ACob37cT/fsNODnZSKM0YD8F5kSCn2Bg==","mode":420,"size":1167},"index.js":{"checkedAt":1635960573457,"integrity":"sha512-x5W3KFzJJhakb9GtLQDOZftLJp5rb8NTFYkdEZt8Jbf0VzVAvgYn1XcSMgHZz+EZyKU/DnWotuqHD42JoTDCEw==","mode":420,"size":5252},"HISTORY.md":{"checkedAt":1635960573457,"integrity":"sha512-soIZkT+6dAABYNjNptI5/hhxmCxTxQqRT7XDD3+oeQwdUsjHI24gvo46/TKU8sLMQEu4lUvealXvg+rwmTm46Q==","mode":420,"size":4972},"README.md":{"checkedAt":1635960573458,"integrity":"sha512-t+dknP+z4ncLU2LKiW8dg6xJxT0DJw6xIknt9UDk8RdmfRi9y8ECtepYJwxPau4zd4KieVEWdvF51YFEee096Q==","mode":420,"size":4081}}}