{"name":"to-readable-stream","version":"1.0.0","files":{"license":{"checkedAt":1635960572376,"integrity":"sha512-nIst73auX/5NY2Fmv5Y116vWnNrEv4GaIUX3lpZG05rpXJY2S8EX+fpUS5hRjClCM0VdT2Za9DDHXXB5jdSrEw==","mode":420,"size":1109},"package.json":{"checkedAt":1635960576702,"integrity":"sha512-tDuYsZth/kMVHnLDYv9DTfrcyWRBK9KdurkD5YOoU0dqHUnPnWCVT2Y6vh0RZpS8iItiJvuAMg8XCkeP5RJJNw==","mode":420,"size":659},"index.js":{"checkedAt":1635960576702,"integrity":"sha512-hodpNmWy+Xg1XJ6FVoCvkq29NsnXmrXTjqf/dDliWPtd5/RhHRHDzKbgUke3jadWLm51oLHHoYiVeLfW34/y4w==","mode":420,"size":160},"readme.md":{"checkedAt":1635960576702,"integrity":"sha512-QKRLOESXr2PGVVBIvYkyy+6MBmdB7W9Xpyh8cZ/bCm3orWzn6s5MiG7dBXi3g3sm//W5PNBC6H4zprI33S37Fg==","mode":420,"size":861}}}