{"name":"which-module","version":"2.0.0","files":{"LICENSE":{"checkedAt":1635960576024,"integrity":"sha512-kRxHfFqWpkSG2hb5KtnGvgGb0E7TakZN7fuLAQPJxzhhfT+gp3eqr9qdv+QwsgNG8w/TbETqtg6Iunhub8sk6Q==","mode":420,"size":731},"README.md":{"checkedAt":1635960577654,"integrity":"sha512-mkjo73DFJWL/QBv0XE2UNes4HBKU6ihw+51yYq2Q6cttEVECgT6SbagBebzMtlVXksE47b2XbVW0222sHSwcew==","mode":420,"size":1933},"package.json":{"checkedAt":1635960577654,"integrity":"sha512-Ru+FudqUNOBZlDmgAKG7F/CJFL/gZBYmKXsXU0fHAVpv1dKp5cH/39oHDPV9ASOKzptx1Wfu25qNqJiMWbmd3w==","mode":420,"size":919},"index.js":{"checkedAt":1635960577654,"integrity":"sha512-vsGgVGz3Hh34jHpf7bZg/+r14GJxM4PExoV5HGxF/UAUN1AmJ2hiUUMIItIeSLZSv71gwx7thFG7nTUAvs28OA==","mode":420,"size":248},"CHANGELOG.md":{"checkedAt":1635960577654,"integrity":"sha512-1OQQVcjhw4VM25athDN6/Khj1ZH44q2WMAs6oDPYZAuZDuwFfkEIQfRO++N0B21MbLwWIkr1BfFBL0A65Xkc1A==","mode":420,"size":750}}}