{"name":"@types/formidable","version":"1.2.3","files":{"Formidable.d.ts":{"checkedAt":1635960573889,"integrity":"sha512-8oKCRmEqH30uSFzXm6FzgLEAK1oqHlLn4F6ScpIObMCufOcNwGJspSHoHJ8P4qPhtbmuVPuAWhwZ7GhYDhy1ng==","mode":511,"size":1933},"FormidableError.d.ts":{"checkedAt":1635960573890,"integrity":"sha512-fRkPLo48qp/Xv1DCCW/wSHkXKEmnuHJ1dnq2KeYFirhmOaIDBEH36RGfcfaPg6gdKJFCWEdVhroUluCRXACSgA==","mode":511,"size":688},"LICENSE":{"checkedAt":1635960572462,"integrity":"sha512-HQaIQk9pwOcyKutyDk4o2a87WnotwYuLGYFW43emGm4FvIJFKPyg+OYaw5sTegKAKf+C5SKa1ACjzCLivbaHrQ==","mode":511,"size":1141},"PersistentFile.d.ts":{"checkedAt":1635960573890,"integrity":"sha512-f81so+WijGAI+uxhqiGkkttXNBMV+cjmOK7Nx1tk43IQuBTUd51xqIJzT2Jwg4LuAjKXc/GFVs0YruP/n/NMcg==","mode":511,"size":361},"README.md":{"checkedAt":1635960573890,"integrity":"sha512-JFpA1gFdW17YzcDeIRZOHcrAMIz3pH0oJ55cEOgJUrYoO4Ah6dzSRbK9FdJ+3aeVegPlqf7CsB75N7dsHheT7A==","mode":511,"size":607},"VolatileFile.d.ts":{"checkedAt":1635960573890,"integrity":"sha512-BmhMbjv3NG0HzXOj8Cfo2Y/RdvytnsJezDZxb2D8rIGR9UoKs0/C0CRDxFtKRG2vicd4KCzwUkcWYfLhQr0dwQ==","mode":511,"size":129},"index.d.ts":{"checkedAt":1635960573892,"integrity":"sha512-SKXdII0Z2XHVhEwGMcC5IO3OJIWNXcePFm0w+P2Q8007VUYy9KZogf8z/joEBCL5wusi8N7TYPsp2ALAuHtMvw==","mode":511,"size":9599},"package.json":{"checkedAt":1635960573892,"integrity":"sha512-m1RQbcBHcOyCwV5QLyPSADz/3FRoI6zLvt6o/YpC6NKYqxxz5tWhtd07r248kKPNo0MIbSFZ+RB92+DOsvSeUg==","mode":511,"size":982},"parsers/index.d.ts":{"checkedAt":1635960573892,"integrity":"sha512-8gQqvymDCvnjawDzUcAZhdQ0i6DnFPOJn3ZQL6EqouTw/KN6OmzDigq2mWiTc1Ppei3x8k1/jADBzhRErG0e9A==","mode":511,"size":1781}}}