{"name":"dot-prop","version":"5.3.0","files":{"license":{"checkedAt":1635960572376,"integrity":"sha512-nIst73auX/5NY2Fmv5Y116vWnNrEv4GaIUX3lpZG05rpXJY2S8EX+fpUS5hRjClCM0VdT2Za9DDHXXB5jdSrEw==","mode":420,"size":1109},"index.js":{"checkedAt":1635960575890,"integrity":"sha512-WJ86KCZTkdi3vnN/artKd/0IQndfxNgmmoPEGTER6XZkf9sFOm5HDFoaQ4bc7CESgnJSC2fKqs7iJGEQ1/7J/Q==","mode":420,"size":2770},"package.json":{"checkedAt":1635960575890,"integrity":"sha512-6D4Gj9S6Stw9Do91+nyUgkgAghDDKFQTupta4NbGbi4kqg40b9JUS203bK+r25HRp8LdQhwI3kS8mwoFRtJpyA==","mode":420,"size":746},"readme.md":{"checkedAt":1635960575890,"integrity":"sha512-skit2H8ZL8Yv2qFKkk4CpDgq3KUOcBeQXCdgYt/UmvZtBUlMFyHrY/z6nY9/aeQUPMepIl/9K2pSmMmA0Ad/kQ==","mode":420,"size":2439},"index.d.ts":{"checkedAt":1635960575890,"integrity":"sha512-i3WjvpStP0bo5xVO/StjnCLZZYq+0yti7hJyKmJhWouJOVCZqvwMFdQoZb4dU3cfok8+ZUim09TMOhJg60yR0g==","mode":420,"size":2543}}}