{"name":"get-intrinsic","version":"1.1.1","files":{".eslintignore":{"checkedAt":1635960573677,"integrity":"sha512-VLhEcqup3IHXtZJPt07ZYoA9JNRjy1jhU/NU41Yw4E8mEyea/z+6bw5hL3lhCO09pji9E0BH2Q3aDXdc3i9zBg==","mode":420,"size":10},".nycrc":{"checkedAt":1635960574003,"integrity":"sha512-42sgwWzusJB1Dzhl78jX/Zg65Oi0HDDMOGXS/Uklv1kCYn4fHtRsD/JFPwdu+d40vome9XdUspzRWEQAcTGEeQ==","mode":420,"size":216},"LICENSE":{"checkedAt":1635960574005,"integrity":"sha512-EqKjvyq6+l4/ZpJ47jMsh+ShZM/lTvYBnKi189QfOPECJNUvRx0CVqrWYA3sn7Oh7fPITzjMnxz9Trmir4oAZg==","mode":420,"size":1071},"test/GetIntrinsic.js":{"checkedAt":1635960574037,"integrity":"sha512-ca5X7XfiEXe41jMQ8h6u+kYJeOU3q8f5VH4Jdorc/vaVYT0s+h9g0umldOhkX3joOG7niYu+Pnwd64/Gv2HNIg==","mode":420,"size":8519},"index.js":{"checkedAt":1635960574038,"integrity":"sha512-R+F2Pdd6JBD4Lmdr3BGF7KkZhDfSWoF5dYISeCnrNGQBxFcjLZWYLgsWRRCZCQ+jbevO/f7hsj3McCHI2p7mNA==","mode":420,"size":12499},".eslintrc":{"checkedAt":1635960574038,"integrity":"sha512-axT7lCm2N9PpP0TpgvJm7yyJpwJrXGXW/61DuScpAnuMwZxPWVeZ5ZC4MZIwYTwWxkJK/PXrdhXWyqY2m7xhqA==","mode":420,"size":715},"CHANGELOG.md":{"checkedAt":1635960574038,"integrity":"sha512-WNrqZ9T372O8LFxMatNc3OteNyweKAzU5XNmLJ8vFKYUcoRMcxC5EbhoSiCUGwGUNY+T+As7Hz/SBcsDWOTkDg==","mode":420,"size":4550},"README.md":{"checkedAt":1635960574038,"integrity":"sha512-P2we06Lh3tOvDEoqFJdhzqmb5EYiZmbqsdZxYGVrmI51adEfQFqxa9ZcOJRZUZCUlXgZeaa+TqUYIkxbvFl6jA==","mode":420,"size":2359},".github/FUNDING.yml":{"checkedAt":1635960574038,"integrity":"sha512-+BzZlaIXAreXEY4BcYRIQlQek7xGFFUzmxseFhgeblZ2UxajzDssgW6H0zehV1QjFAXiUQOGMp8FYXMxZTVvyA==","mode":420,"size":584},"package.json":{"checkedAt":1635960574038,"integrity":"sha512-BxL+drjHID8Fw3eGnKKCD5uJ/Xmkd7hRsEwGIs7SUIX2JpYxCKwxFq+vQeWsBc84arKsixMFh88xeHco3iMBhA==","mode":420,"size":1990}}}