{"name":"responselike","version":"1.0.2","files":{"README.md":{"checkedAt":1635960573157,"integrity":"sha512-fP1txO8oPHgB+3IiCiYNm8qjpFa1WUdWoCD7ZMEYkS+l0kkFNAFXAg3ZYNFbPaGqSF10sHX+SxApB9aOlAipGQ==","mode":420,"size":1924},"LICENSE":{"checkedAt":1635960573157,"integrity":"sha512-WQPxNY7CDCpB7fgVMMV13O4/Ezxet+0FiUf+6ss7ol7CH7ixJUQL2xwbaj6aY/+UZ00aocFllqfBO6vF0PNuHA==","mode":420,"size":1055},"src/index.js":{"checkedAt":1635960573157,"integrity":"sha512-p8KnT6s6w3UATcvHTRgmBjeyzkJ7OMcKOuyeeSbsNw0/Fv0WjuKYU4VHBg+xLneAfmaPzP1AJKo6LBkMBa6pMA==","mode":420,"size":823},"package.json":{"checkedAt":1635960576517,"integrity":"sha512-i1OWkt5aCgmkjRJqk5pHjTayNgCGGEDEcWDiwG/yZqIggk4H/BuJ3NkC6b4jAkK0tqWF/rvMqbqhbzPgZf375A==","mode":420,"size":825}}}