{"name":"supports-color","version":"7.2.0","files":{"license":{"checkedAt":1635960572376,"integrity":"sha512-nIst73auX/5NY2Fmv5Y116vWnNrEv4GaIUX3lpZG05rpXJY2S8EX+fpUS5hRjClCM0VdT2Za9DDHXXB5jdSrEw==","mode":420,"size":1109},"browser.js":{"checkedAt":1635960575067,"integrity":"sha512-X6Ea15rSJ8d9H1fH7J9zYHPykZuKz90j7HQ7UAvbM1+XwcH/5yHw7/EWUCRV8x+ZpDRKDZypfFu1x+Lr1UEIuw==","mode":420,"size":67},"index.js":{"checkedAt":1635960575720,"integrity":"sha512-Q5qQYTYMwYeF01W7GPB+GGxV0RQ1iw0TuSrUeegmsGZAId+hMoYT3+l0PKUox5gS5A1PhZSybAmgTn3DfVV9FA==","mode":420,"size":2748},"package.json":{"checkedAt":1635960575720,"integrity":"sha512-8pys+qFXRPyWaQoQHkIk2V/oXhGf2T/uVooECzz4AGK5h26TNeX85glQzpWn+M1PFA49ydw0kZGSuMMmZ3yEvA==","mode":420,"size":817},"readme.md":{"checkedAt":1635960575720,"integrity":"sha512-zG7ziKk8XEu7VweK2END33czZocaUjlGjsHBdXttzqXhTVcSYc0BepNbxJPe9dX8YQCd/mgNsBxVWVof8rm8QA==","mode":420,"size":2294}}}