{"name":"bytes","version":"3.1.0","files":{"package.json":{"checkedAt":1635960574115,"integrity":"sha512-hChZfL8wwNjUUmuLmJVT+HTr5+mnnw36bgCOtIcb3J2dr4YPsDNhTez/lqLV1eWUBUaI8Kv53xZIfFUnmzEdgw==","mode":420,"size":904},"History.md":{"checkedAt":1635960574115,"integrity":"sha512-lIIsxLIVkDC4D5XMdh2EM4Wj+f18yEVI5fIfgjkwFseKV4WQT1HVRwXSrL/ellBA7d5Zk0KadbfmonEgxmm4ww==","mode":420,"size":1581},"index.js":{"checkedAt":1635960574115,"integrity":"sha512-rZvpcuo4yBA3l6L7Leru+yWuUyzcQY886qs1Rmq4fio7+mH5u2uZfDw58hCIX+CTMIGx08ocmGjn93H1yc5tCw==","mode":420,"size":3469},"LICENSE":{"checkedAt":1635960574115,"integrity":"sha512-lArkAdzOzuKSu1mXyX6LAt35DCs+nqiO9xLMrwBR9k5ioyHImUcuLrEzq0ZDqv3LMPK9sTEyKdW19SkAgn6Y0w==","mode":420,"size":1153},"Readme.md":{"checkedAt":1635960574115,"integrity":"sha512-Fc5tEsI2cVLpQV9P1ZRoGheZUQ0rsgrtwYRuEv5ULxxlRnvow0ISta/SxTTdXDjW5qdS4NRFdEQA35blf1aJzA==","mode":420,"size":3890}}}