{"name":"keyv","version":"4.0.3","files":{"LICENSE":{"checkedAt":1635960572941,"integrity":"sha512-b+puLzCIXN1sriNmN+8ZT+nrBidkN+NwwC6sZR4XADGYCrIB/16Klbe1wh8keI+pOAfWxPLPedX3F5Lm6KYf7w==","mode":420,"size":1068},"src/index.js":{"checkedAt":1635960573521,"integrity":"sha512-hUaQdGbpNozvt/DvSFdIDMZG6dxXiIFjgzxCgaBq8DS5M5SkyraDVMNXpQNvDptvPMqYwYSnKBZgwCYnroLfKA==","mode":420,"size":2442},"package.json":{"checkedAt":1635960573521,"integrity":"sha512-+E9/FLULOPCKNGQEUoHnoUmxFUEPQHQaQySLc8JVnJkL6cbUY1ZE0Q3mWxIol/ncwyIJ0REGHBVymraBYOOrGQ==","mode":420,"size":1182},"README.md":{"checkedAt":1635960573522,"integrity":"sha512-UlFVN5An+su3H2EVluJjZTll5DW4dUQ7LV/6mpioEUrtcFkcYd6JN6IPhVgPQfo0ncUs4cq9xkzFSx70o7xSQQ==","mode":420,"size":10771}}}