{"name":"typedarray-to-buffer","version":"3.1.5","files":{"LICENSE":{"checkedAt":1635960573427,"integrity":"sha512-7yM/jbYJtwJeLgJzVe4LXntltTdQZBLKGk2V508r4v4oTDo/o2y52F29GjX+ZQ/hTeW02TqwcfICTB/Iz0BzDg==","mode":420,"size":1081},"package.json":{"checkedAt":1635960576118,"integrity":"sha512-FS9BaT99gdcn4mq1H4ZxV7uUCfr6xEv1S6ETFmq6exfjrZoaCiTDvcNIvdN7r33PaDALoNm1kBnUVtqewf3rYQ==","mode":420,"size":1149},".airtap.yml":{"checkedAt":1635960576118,"integrity":"sha512-FjgmTynBdf/3sIdbl68mL82M5IjhHUwEmmxfkdahYjN7Ay4D4/A3mzsDwhh25wBaW0VHcpRuhhzItP8ZhjBbpQ==","mode":420,"size":279},".travis.yml":{"checkedAt":1635960576118,"integrity":"sha512-VhIMSHUXVPP/AT8V3/J4fR9cmQrMzOivBNneQdy+En2JYdL7CFBgqBYU2ljT/EAHOXBzH5diC99L8v6WMUaPhg==","mode":420,"size":480},"index.js":{"checkedAt":1635960576118,"integrity":"sha512-jUnwiTPdr3XHkyGMqAOyWFlF1RioZaR9cytG2pKxdoAlhehSmpSKGVEyke1MFxX80EX7eIue3CIasZYzDphCTw==","mode":420,"size":758},"README.md":{"checkedAt":1635960576118,"integrity":"sha512-8CdL0MQqMJe8SvVZJ7nxpRQ4Tko3lJhHIIXS6B6SAmqg7fPJu6yBefR5j9vK+efM17ASDKygU19ph9bP2bpejg==","mode":420,"size":3463},"test/basic.js":{"checkedAt":1635960576118,"integrity":"sha512-48HMBLrO+IC16zRRf2KC5UN+a9gcts7MDYnJ+hcpKNhlHk0SCnMVrNTY3kQGV3xKEeSC7XpYL75Wss3HB6xWNQ==","mode":420,"size":1625}}}