{"name":"ini","version":"1.3.8","files":{"LICENSE":{"checkedAt":1635960572966,"integrity":"sha512-P6dI5Z+zrwxSk1MIRPqpYG2ScYNkidLIATQXd50QzBgBh/XmcEd/nsd9NB4O9k6rfc+4dsY5DwJ7xvhpoS0PRg==","mode":420,"size":765},"ini.js":{"checkedAt":1635960578086,"integrity":"sha512-YVu7gJN6WpI7108LNVUSuqLyyVrB8/+kcUFotf4PaVoleFd0dzuNUbxuEZH7capOsMPGm/Qa74Xubopw2I1lFQ==","mode":420,"size":4976},"package.json":{"checkedAt":1635960578086,"integrity":"sha512-WzcfA/4QmRUTB7sBxEjg4+k7OtOzntG962YHM+geIW75OsKh/y/vMxFoglqvAi48o+taW/lgaAKlZUpwq+owCQ==","mode":420,"size":845},"README.md":{"checkedAt":1635960576286,"integrity":"sha512-Z+0K+MbdSrd5dtuo2UDeoaQ/LHCbj9u2UH57vOWPItmHLGZNPg3tn3S0IZVK5DVqdnVo2U3/S4RHGniIzdF4tQ==","mode":420,"size":2718}}}