{"name":"strip-ansi","version":"5.2.0","files":{"license":{"checkedAt":1635960572376,"integrity":"sha512-nIst73auX/5NY2Fmv5Y116vWnNrEv4GaIUX3lpZG05rpXJY2S8EX+fpUS5hRjClCM0VdT2Za9DDHXXB5jdSrEw==","mode":420,"size":1109},"package.json":{"checkedAt":1635960578086,"integrity":"sha512-s5fG++6YAc8st+ADDWPMsSX9BZn128dOj4QcWAPhuekWsv03mV7GdY2CAv4iGnOx2fZiThshoW98n7ljv2N7Pw==","mode":420,"size":809},"index.d.ts":{"checkedAt":1635960578086,"integrity":"sha512-xcXpsuAuqQTuqcDNVOb+hWmhMay8cEn63kev8etVYlCjjZPkdJ+VDF/AgkJPQre1QRrRrizRevTT+ZCylP0rNw==","mode":420,"size":349},"index.js":{"checkedAt":1635960578086,"integrity":"sha512-OCDoxmoifbEVRAqBDTKQJnEHtLayTTn1N8LL4WKnqsJ2yLSTF3CV+tvVyRKc49udzCG4Q4r+s0tK9uW07CSqKA==","mode":420,"size":220},"readme.md":{"checkedAt":1635960578086,"integrity":"sha512-A+y4/9Z7sD3JuHIu0uVKRg+MYsIKqtH/6U2UomWBMKNNcBHEjaiDkfsIuKAqdw4ByKPLGsxRRIa2cwxR1XXBQw==","mode":420,"size":1684}}}