{"name":"signal-exit","version":"3.0.3","files":{"index.js":{"checkedAt":1635960576836,"integrity":"sha512-hCvgNT0RvesEQ+IEO1/UHPlPBqOQzoE3+UBIe9KfvUkZt1mrkupFne4cbMnLPtpesq5Pq367cC3R9YamPrxBjg==","mode":420,"size":4124},"signals.js":{"checkedAt":1635960576836,"integrity":"sha512-gehe2Vo5pfTs44lemTc+0BrOSFB6cH+ZlTq5IpiPCwaHMeFs/V2ZO2cODyGhetG9DO8/ltp0yrSuOyeg1vtQ8Q==","mode":420,"size":1295},"package.json":{"checkedAt":1635960576836,"integrity":"sha512-4oB2m4WiQYVNWpl50O3duQMtCHsRT9crQQF/dB3gAoAolCCN7PrigLcYOda+rD+zuGYAOmZI51xow3pe16GdjA==","mode":420,"size":909},"CHANGELOG.md":{"checkedAt":1635960576836,"integrity":"sha512-OXLFj+vwD0pegUEhspPUdTotZZz1a1a2uJl14q7Ju+PXW3zm2ewB1sIcdinlQQ9fbNpkSmc+ejRunfCn1pFG6A==","mode":420,"size":1456},"README.md":{"checkedAt":1635960576836,"integrity":"sha512-oxQZ9PlLdZrXpjSJKdcS9ThAAPv12q+lCbh6cFTrEXK7Wes93vRlTVhcCjook43iYNt13fcOkuvH1J6QAzQEPg==","mode":420,"size":1342},"LICENSE.txt":{"checkedAt":1635960576836,"integrity":"sha512-5DMZrk5fBGeEnj/s7hSA9ISstg5tQH2LJJ2MIlQm5irE/GrJSGc7nuwzCNGNibmcQ/hCATZSDY9sjde4e39EUA==","mode":420,"size":748}}}