{"name":"locate-path","version":"3.0.0","files":{"license":{"checkedAt":1635960572376,"integrity":"sha512-nIst73auX/5NY2Fmv5Y116vWnNrEv4GaIUX3lpZG05rpXJY2S8EX+fpUS5hRjClCM0VdT2Za9DDHXXB5jdSrEw==","mode":420,"size":1109},"package.json":{"checkedAt":1635960577484,"integrity":"sha512-9tKXs7pnyKnSeU7ImA48M0fSeDOUzO3RhzTxHHcW7EzXitoNPKUsxSHq9hsi+UkKwcUZWIEVxO/2B6dJUG4q0w==","mode":420,"size":694},"index.js":{"checkedAt":1635960577485,"integrity":"sha512-1j7J/5pNWrFvkGhiJHDJqbFrR3rzclpu4dnPR9PrlaEcVG+GI7xljjI6/I1R31m6BowK9JN8gB/sBYYyc1qeRA==","mode":420,"size":539},"readme.md":{"checkedAt":1635960577485,"integrity":"sha512-xEqK3i8Chkj+xC0E/KZrQltGekNtk7ocMyA2LJPgfc6BAP6A5JLVHxSfZJKfL4SUepelC4h3yciXJgaG5mGnNg==","mode":420,"size":1527}}}