{"name":"is-binary-path","version":"2.1.0","files":{"package.json":{"checkedAt":1635960574902,"integrity":"sha512-WbjS9goicHGocE+DyzfAvw2rzX3lsJp/HVm4pmLXUcq0+ZKtt8bHINYWpDQMiQWXzlmIKJBG3whEw85Pd6oYmg==","mode":420,"size":657},"index.d.ts":{"checkedAt":1635960574902,"integrity":"sha512-b1Eulgh8nsFY8WMwszE3fGNqe4QbBIzcBgQqxKMhb5Jz/NjcglvnnaRJ3WznXUeQZmmjPFZ3qQtuJVOiB2LWZQ==","mode":420,"size":290},"index.js":{"checkedAt":1635960574902,"integrity":"sha512-AIeWRdAo828aHu7VLketjhyKaJ3M8rPP5kLSbUBzX/5ZpiSXToWlLIX9Tev4g5LamAmxz9Tq+W4duSNNyMKakA==","mode":420,"size":239},"license":{"checkedAt":1635960574902,"integrity":"sha512-Wzvapn4mcxcnwv20/lDlVi+UrHP2KlJx11FcqRqnlMcWaeBQfeSjdaofzs2ZFTUb7MloQsgLXIZJLMJ7skwkvg==","mode":420,"size":1159},"readme.md":{"checkedAt":1635960574903,"integrity":"sha512-J7uaKoUUCCbeVvRNxonrkdaG5I3e2AGt5jiQzLyotDXj8TXWBREwZ7O6eW8JrflrTy4kAQeRkhrDloN892EQ+g==","mode":420,"size":733}}}