{"name":"minimatch","version":"3.0.4","files":{"package.json":{"checkedAt":1635960575003,"integrity":"sha512-gPUxljnxlJnA4IkDFsWYiNAh99+JPueK103VKBC2lrKLPvKH/adEhPROm9S/fqGuhQoYYa+3J6MeVlnwbfxSTA==","mode":420,"size":667},"README.md":{"checkedAt":1635960575218,"integrity":"sha512-rIhMh3OjdOt2pKD4QSCf1B45ZjzMBVcvMZzAgUiciPs+ueJ14YuoOqlF7OlqPk9QGhVMtrsuPQ1q0hH16WDSfQ==","mode":420,"size":6336},"LICENSE":{"checkedAt":1635960572966,"integrity":"sha512-P6dI5Z+zrwxSk1MIRPqpYG2ScYNkidLIATQXd50QzBgBh/XmcEd/nsd9NB4O9k6rfc+4dsY5DwJ7xvhpoS0PRg==","mode":420,"size":765},"minimatch.js":{"checkedAt":1635960575220,"integrity":"sha512-jpitHlCojmOSaY3N/6S+eTasMINrHCClda33qm+GMxsxVjSg9bqQHRAgIJ4uE0gavZcJ5/Sd+4LYY+c0LaPbWw==","mode":420,"size":25347}}}