{"name":"p-limit","version":"2.3.0","files":{"license":{"checkedAt":1635960572376,"integrity":"sha512-nIst73auX/5NY2Fmv5Y116vWnNrEv4GaIUX3lpZG05rpXJY2S8EX+fpUS5hRjClCM0VdT2Za9DDHXXB5jdSrEw==","mode":420,"size":1109},"index.js":{"checkedAt":1635960577782,"integrity":"sha512-68vbm2w5/SAwD94eDGVibLCLk1hUJ76X5P+QhrTbzXlVFP9cw7bcQ7JX2EjoYUKEhIjr78julIXGfqvz7J/ctw==","mode":420,"size":1114},"package.json":{"checkedAt":1635960577782,"integrity":"sha512-w+qeYR/cv8RX7IWBvdkDDZdrMq/Yy3qzvXqjIlGL7cZIGEY+jO1kIcUE28/9MgGfPpvBv2HDLDKIXTD0Br12hA==","mode":420,"size":924},"readme.md":{"checkedAt":1635960577782,"integrity":"sha512-ngnrWXv1Xu+D7xdLwdjVSHW8fN1X8nOhYwPe3IaG1b26I+Ps+C8O0yNg1gwEHwkX5r5wqmGKdfn5GKdSEHLZvw==","mode":420,"size":2894},"index.d.ts":{"checkedAt":1635960577782,"integrity":"sha512-bVTgBsmRszu+E2lzhhMEfhKA5VAA7L9RPlZn623gbVcY2xf21t9+xWThOghwZAHgQoMmolc2DZXDRkQ03p/EBg==","mode":420,"size":1349}}}