{"name":"mime-db","version":"1.48.0","files":{"LICENSE":{"checkedAt":1635960573350,"integrity":"sha512-UMHacIyP0mdeqn3RwddNQmJM+tRnkJ36atiCfecziXFoderaQYtNoFYpZyiyjcCVnPdjkihNzO1GiFfR8hhqmQ==","mode":438,"size":1099},"index.js":{"checkedAt":1635960573350,"integrity":"sha512-P7ZjIvyLa82ShMqIltVACEp4GKpXI52H7g3K8pup9SmpWJBmhbLGuwTa93j67YFYgRk05lbblo5d1e4xhOprMA==","mode":438,"size":136},"package.json":{"checkedAt":1635960573369,"integrity":"sha512-/wbriF891GxlmJPsssNoYS0EouBZDFPCtCH7fqmZIsjNWkDpAIxlycjkQvgNLva+DpRqpxylnqWktMLWjY8plw==","mode":438,"size":1596},"db.json":{"checkedAt":1635960573370,"integrity":"sha512-VBcOOt220RmtXsvdl6sH+3XcF3K4z73bxDi7qKVaU32xl2zesTKejyY4zJcFYjsx+58CtPcswqt2JgIKMRes1g==","mode":438,"size":182829},"README.md":{"checkedAt":1635960573370,"integrity":"sha512-yQfBdzwXer+rcg2oLSzSo+Z9ctx9PXYhEDi33TmTcK+wHsJjxAHuzmrmxvieHDyyFwuMf093HJVpN2glU4KMaQ==","mode":438,"size":4062},"HISTORY.md":{"checkedAt":1635960573370,"integrity":"sha512-IxmfjYT5qkOdNqkr0rgykFUkr5Mq/RoNhYhMopyWrhWCM7CMULhAzxQoWIhSbKWrjM0j1msm000mp1rmToC+mA==","mode":438,"size":11944}}}