{"name":"minimist","version":"1.2.5","files":{"LICENSE":{"checkedAt":1635960573807,"integrity":"sha512-UYETA37gNUDKrmMFiphSX5pKZ0Jb2MNZb2l77Vrh0gU/5292uFpO77gMxRn3sD02jPS0RSiMTKfKy151I/M5Yg==","mode":420,"size":1073},"test/all_bool.js":{"checkedAt":1635960574478,"integrity":"sha512-A7eowOCt6jIpKoDnPyFVzMNT8+U62lzCOl8OGOSUY59SMYHNS7E62P6OfteDq0n4KS6b8sGhhdPr2bGsUsHkzQ==","mode":420,"size":756},"test/bool.js":{"checkedAt":1635960574478,"integrity":"sha512-9KVaW9Wnd9EK52iAMTjKrY+hwM9XzXwie9P9/awS+Rljb4mZlj/2P6oiyg6ZgQnJrj4w/9gDhwjoKCGXnhIb3A==","mode":420,"size":4208},"test/dash.js":{"checkedAt":1635960574478,"integrity":"sha512-zcBOJfaempO2s6Bz5n+k7uQlpSpIAGsrARV94YFzcqRrAYjxnUnmr//bV/5XoBUW8lrwFSefttLwfDyt3rbVTg==","mode":420,"size":980},"test/default_bool.js":{"checkedAt":1635960574478,"integrity":"sha512-WoCocbl26ipPBtrvFZMjRLhAkiOOAXRL1B86mvIJKQMsRQx3oFgaF5NW6f60BeywpSJMkUqQ+zm8QTK8dapDmQ==","mode":420,"size":778},"test/dotted.js":{"checkedAt":1635960574478,"integrity":"sha512-cBBOKVaAp/jdpbu0Bqqv50zvw3FdvxVt9WjKEAuef+d9A8loBST8AP+flV62lHbNQPfMCgvTVPKD9YSIsvL2EQ==","mode":420,"size":588},"index.js":{"checkedAt":1635960574480,"integrity":"sha512-HSudlKFIgic0iKc/F3aS/dcvOYHvozBRymH+GMfKqpU/KCCzfpLmH1CHa7NmtFGrTiVjXwXTcJPoPWrjP/mb1g==","mode":420,"size":7652},"test/kv_short.js":{"checkedAt":1635960574480,"integrity":"sha512-KhCu9/GzUh/Jh+w4TZG6C3HFtav/7jOmgxQMNLuhDs/+1HNbKIcGo6S0ZYBjExLrxrWQE3cAx+tQou5K2MSQOw==","mode":420,"size":376},"test/long.js":{"checkedAt":1635960574480,"integrity":"sha512-u/e0rLq5tV7Yvn68TqGNTE33RDdQrcCt/MkFHG37QfxqKCxZRhs194m8Q4O/aQFvANAP26L0i03N73tFVFZDPg==","mode":420,"size":779},"test/num.js":{"checkedAt":1635960574480,"integrity":"sha512-CaliBYRPsUhJ7N2Lpp1TedLqAWo23CZTrwgGm9Ttyl6NQLnmLggOY3OlVRV3NNJVpJM45JdhbthvK5PKSPy3DA==","mode":420,"size":909},"example/parse.js":{"checkedAt":1635960574480,"integrity":"sha512-471RbnF/653RJaTpRSF/eM2MZQ/wbp+xrjIOJQCSBHjHwrgeSt7Rm4mja0f69+Q81YVdKT7X8Mgas+9LxztvJQ==","mode":420,"size":69},"test/proto.js":{"checkedAt":1635960574480,"integrity":"sha512-DwlhuwqEeixsk2WDL9a03mROWsE8iG1yMX/B8Hgo1Sb9h6stGm7+xW9rcCmzJky3ZW1dqPwUW9EdfyRJNLOyYw==","mode":420,"size":1226},"test/short.js":{"checkedAt":1635960574480,"integrity":"sha512-k8cdMrNInSrTb7nn0mJtgScr/QE2tIdFOOUKiKZom6MbCFRwDmQCAUpIAE2ByESOxUhcgoueQp3eYooWAMIYKw==","mode":420,"size":1593},"test/stop_early.js":{"checkedAt":1635960574480,"integrity":"sha512-ZlNgDXz6a4iQ5lQ283N59SY/+wikYiyWb5jlnwmKhcFzsMEQOsQ2O0nrDOhcBEnOfGr/pjMU9/JW8u83uDKSPQ==","mode":420,"size":328},"test/unknown.js":{"checkedAt":1635960574480,"integrity":"sha512-BC95C7myH26q69hGqzGuTnrxHQU/9GEnv1jjOYrXS+205FoseHX8pP2Wwv6XYk0PALZfwL5d2xQJP362GS8hAQ==","mode":420,"size":2541},"test/whitespace.js":{"checkedAt":1635960574482,"integrity":"sha512-cvjGJlzXXFuTs+Gy7MwP/h3zPjM/CiacDF2oXFEy7hQ0ceA8v/YhNEbwTNidFfb+i06p3PuEbqUdex7cSxxd3g==","mode":420,"size":191},"package.json":{"checkedAt":1635960574482,"integrity":"sha512-4OsspQ9Sow74534ln7etrj5a5bMcJV2obXAAw5xoSfVqo2nOnKhsLzQADafzNYXs1ZxGinKOu0ittaZirrw4xw==","mode":420,"size":883},"readme.markdown":{"checkedAt":1635960574482,"integrity":"sha512-WOr1rU+vX0vHqaikrrGmh30jJCSDYcDI/GwVAXg9f8yIcIQoHQZIt8NYyh3rxd/lfFQnipkLvmLe8XPq7IG6hg==","mode":420,"size":2494},".travis.yml":{"checkedAt":1635960574482,"integrity":"sha512-5Oc4brsNwDWJJVvQ3CDoqtPTxcdwf5B6cJmQrzML5iQLGLOPc2nolIoUuUsHHE8lCbG6eRYMdb0gIyaRyMCg5Q==","mode":420,"size":116},"test/parse.js":{"checkedAt":1635960574482,"integrity":"sha512-iBDqYRTUAKchcYJIOeDYB2Q3LO9M3W3JNHVLU8oa8jrg84mu9OFb2o3A+TQWA7aJQa9S0w2obJVNwLZwbre6LA==","mode":420,"size":4606},"test/parse_modified.js":{"checkedAt":1635960574484,"integrity":"sha512-BZ/t1W1H6g0ezaYsN9GnkHRqC8Hh6kCRTW6FNFmrDYXXtyitH8koP/tZsvGN1mcAvewzevRSYkRUg2XDs8cscA==","mode":420,"size":238}}}