{"name":"object-inspect","version":"1.11.0","files":{".eslintignore":{"checkedAt":1635960573677,"integrity":"sha512-VLhEcqup3IHXtZJPt07ZYoA9JNRjy1jhU/NU41Yw4E8mEyea/z+6bw5hL3lhCO09pji9E0BH2Q3aDXdc3i9zBg==","mode":420,"size":10},".eslintrc":{"checkedAt":1635960574087,"integrity":"sha512-ZvU1Poiyi/qLjhsecuqmhbdrCWzbH7qejGVw4aL9qLvJTvDIlhVZOT9i9XX45zoiJKTum5jYbZ2JT7ypohunVg==","mode":420,"size":1613},".nycrc":{"checkedAt":1635960574087,"integrity":"sha512-uy1e9dT8+nvRDLWQOf45TDmQzuV70Ev/+hxyCqi1yaERZBLsgRIJbEIBdi9Lf++btK2VdLTFGW66uUEk3UdEcw==","mode":420,"size":236},"LICENSE":{"checkedAt":1635960574087,"integrity":"sha512-xS6sVOeCKAeSoVniZ47BVEfCHOfrn1nhPaudbSR679O5mwyxPHOtu2Ai9N37XENtKunxVHNWcU5kV1ITQuqbEQ==","mode":420,"size":1071},"example/all.js":{"checkedAt":1635960574087,"integrity":"sha512-317SGPypt3CZqOltSZG8GkcAIbidA84WuBjxfHsLuc4cZGHpiwSzOuDK99Bm1YKLOvtwfmKwo9NQwmBKVBwYwQ==","mode":420,"size":391},"test/bigint.js":{"checkedAt":1635960574087,"integrity":"sha512-/Qjl9oZE4q+ECpotLBAnTEtUaP6+TLdr6LX8K890HB77RFZ7ebQjTGyiyKiPY797ofLv3po2oN8Yg3Xau99Oow==","mode":420,"size":1385},"example/circular.js":{"checkedAt":1635960574087,"integrity":"sha512-9dDYnf4keivnbzLhp+F+docKTWuFZO4JHTThhWAp9PTEv5pgDXtHwssmHjPSCDkMoQbyF+PqV8WrIqVVFBIxGA==","mode":420,"size":116},"test/circular.js":{"checkedAt":1635960574684,"integrity":"sha512-qOx5AJbsKPg/IfC0VbCg/eU0cH4KA7eq7bYB4K5mkXG6oJHVskfi6jXaitDPKAGnREFn0/FKMYy6RSh6xtjK1Q==","mode":420,"size":451},"test/deep.js":{"checkedAt":1635960574685,"integrity":"sha512-icjnNglpamwxhgeaGp2n/tF3JdBpO+4PmmP8HiFdk/w5VBXCUUAx+4XfDiFknBhzfaI86K/9Fv2Vb6+jDaOhNw==","mode":420,"size":400},"test/browser/dom.js":{"checkedAt":1635960574685,"integrity":"sha512-KzVI3KNwtAuGv2APtSbbhDEde0hA/GC8T2CH25rDmfwkv9LxfOHer3LxYJh6Q+AAAfs8UfCinezKJSM/vFyeSA==","mode":420,"size":416},"test/element.js":{"checkedAt":1635960574685,"integrity":"sha512-1gv6zQJpOlxIUtt2glEiaTF/oeJO098gYTOxVRiyMUl2exCNjVxfarTbNlGjU+K9SDnBRX0QP023pv0HsdnLqQ==","mode":420,"size":1575},"test/err.js":{"checkedAt":1635960574685,"integrity":"sha512-axtlOvfq3MaLy4oHYfLDS6BiIptEDUHVFel4FAkDCRWcbkZI9UR6V7+ZNZ4I+obfNZ7u4tGd+94ynTO0cd/jjA==","mode":420,"size":722},"test/fakes.js":{"checkedAt":1635960574685,"integrity":"sha512-edOxwQnaQWyMoSfFnlxraxBfXhkGyExnTZOzLJ4T38458oaMQT627ozRSYDx5AaYvwykxnjWHlhz5k9mGEowtg==","mode":420,"size":716},"example/fn.js":{"checkedAt":1635960574685,"integrity":"sha512-9rvDMpI4FZA5pz6B/NjkPoYqdtoi3QkjJhdrcjVVXh3DKFgYfo4eTArg+a3w6R+3/gMevRGElQ0pbAfe3qsrBQ==","mode":420,"size":126},"test/fn.js":{"checkedAt":1635960574685,"integrity":"sha512-CUOci7m7mBNDqFiy/bN6X8KyOR4XPLrfnhiHFqhHJ9ooN68r8Wn+qVCdWss1zaobc/KjFFK4nbxl+ZowekSdLA==","mode":420,"size":2227},"test/has.js":{"checkedAt":1635960574685,"integrity":"sha512-Eyb75lefVsAXaaPep0eReg+LRsjVtvEkMse7MPPjkSgJA99vhhRukef1JYmiRyvGk3ALPxG4Syms340KSkyGdg==","mode":420,"size":986},"test/holes.js":{"checkedAt":1635960574685,"integrity":"sha512-35NDCXHO+8H4eacXJHqmXR6S3Lu7mNS0bzVbo6jfD3634sBbD4NzpMlGxzdxavoVEVe93HImOR7snIHJ5wzMfQ==","mode":420,"size":255},"test/indent-option.js":{"checkedAt":1635960574688,"integrity":"sha512-Eaj2SKSW0QQC5nuKEmJm8kHf57kekeMivo2U6nL7deyTLbA3zY/udo0kmBv7AtF4+pWHQtX3DV3b5vSi5kshPg==","mode":420,"size":6633},"index.js":{"checkedAt":1635960574692,"integrity":"sha512-aL4a3F3ME47OGOS0kh3+u5gcD/V3/1Wg1lQYlhFWgGpvRetSTCwiZc/PxbhgwqqT0OsDSCQ9aZ7P/wXhXcxESQ==","mode":420,"size":16426},"example/inspect.js":{"checkedAt":1635960574693,"integrity":"sha512-JyJALW/OQP+RfXWfMixJRNpxuppo0kKS2HajauYsoryqhnfbT+asa3v2Mc1Su/Ehs6qDj7qp8aUzm6JsBzotUw==","mode":420,"size":251},"test/inspect.js":{"checkedAt":1635960574693,"integrity":"sha512-AGxWxxj9WLXWGyJJSaNOs1KXkUFDCDdbLTtvHhB1vrQ29+MxKL8RF2yLumnzwno/5poYBrAxSxnmc6usIctYDg==","mode":420,"size":3837},"test/lowbyte.js":{"checkedAt":1635960574693,"integrity":"sha512-XyA9/FfXQVz1Kpfvo5SvmV9QNb14xfr6VUvO94XTGqlD9hed/+OpWc5ue4yJIgIx9Ecvn3N0+EQwrzwMDN2Ieg==","mode":420,"size":268},"test/number.js":{"checkedAt":1635960574693,"integrity":"sha512-KYtSpXFyG3vNP+VrcGNMFn6yGnBFuuoCAAG3Rs93TLnnLzQXNKQDNguoBKnm2ntfahjcCT9D6FiI9fD1Ltlbyg==","mode":420,"size":395},"test/quoteStyle.js":{"checkedAt":1635960574693,"integrity":"sha512-e3UPTQuPkKWU/tLumOQ2xUnEcnyB8aKWUOcp31T/EOMSFPF8l5bv6xpKDRlWTlfqvjlKa6rCjB2wVNX28VAy0Q==","mode":420,"size":933},"test-core-js.js":{"checkedAt":1635960574693,"integrity":"sha512-SMI0bcT8TYMqczXg1mqmOLzAl6sR55sOZjiaybmQ2M6JUM7n+zyj0w7dieJ69u7Dzd6h5yf67+2J7aJMgq9x1w==","mode":420,"size":534},"test/toStringTag.js":{"checkedAt":1635960574693,"integrity":"sha512-eTtzrIrVZK3GzxOktnm8auFn8sjpha0UESEXtGNsOxvkvcmWyeHd6zIQc1drCg1S48At8utR9fwSv41jDU/DUQ==","mode":420,"size":1579},"test/undef.js":{"checkedAt":1635960574693,"integrity":"sha512-JKMf1GHVhmcMs4XT9sQaAdKtB+epMtMafqeQBfRIDA7h6S3RIB2MgYQQQz8Dop///1LeA4qETVqHdfDPR1l/LA==","mode":420,"size":302},"util.inspect.js":{"checkedAt":1635960574694,"integrity":"sha512-3wW/e4oFUOpJ0IX/2nCoA5gAecv7c5RFqwJkMmRFHRJUeLrxObmlj4XUB0/vvAGS+eMXC4Ax0EDxMQ+s0EsD6A==","mode":420,"size":42},"test/values.js":{"checkedAt":1635960574694,"integrity":"sha512-7uS35jdl1wOHyIR4AQjZ8PKiZ3U3wydqlLEpMMogsHHUlK7CBeYfbWD/qB70diwtLk3C4qT1NKu6S47ueP3U+A==","mode":420,"size":7060},"package.json":{"checkedAt":1635960574694,"integrity":"sha512-RRG/3QkCAAdb1LXI+qFALFXpWvrKYAb0yXU25xylqf+nSH44uw3Lz973AH2CGf5Fhm1/u+mBd1RRzUy0fpL3IQ==","mode":420,"size":1782},"readme.markdown":{"checkedAt":1635960574694,"integrity":"sha512-/35IdJGIq6zNSX3Nf/6eY44ey9KnQ7NDVOt6hXrpHwBYdg3y7pgVWcGlFnpbcPQTFNEBJ7jcEmTy36vy5Ib0wA==","mode":420,"size":2746},".github/FUNDING.yml":{"checkedAt":1635960574694,"integrity":"sha512-2O+fLxE3t8mBr1MyKvam8LlrQeE8JHVPxqlaQUEiD6nsY/V5YLme1zm+AJ6Drfm7lexPVp3/EfsEy1qrUo8X4w==","mode":420,"size":585}}}