{"name":"destroy","version":"1.0.4","files":{"LICENSE":{"checkedAt":1635960573350,"integrity":"sha512-UMHacIyP0mdeqn3RwddNQmJM+tRnkJ36atiCfecziXFoderaQYtNoFYpZyiyjcCVnPdjkihNzO1GiFfR8hhqmQ==","mode":438,"size":1099},"README.md":{"checkedAt":1635960573569,"integrity":"sha512-oGwvOKaoPtMCiL4lFd3PBa4Pu/fckYnEfMxXdIAejbvEjhpZhjcnmywB+BwInjha881o2g/BPdqsHqvy459/Vw==","mode":438,"size":2185},"package.json":{"checkedAt":1635960573569,"integrity":"sha512-N99y8YHTriry8NEoJEfZfSj0WbQuuYJs0Y/l4WIHPTovXEj6gEe1zYOm+DhTnYU1FWUrV/hlrU9v/ea/x3W3Nw==","mode":438,"size":870},"index.js":{"checkedAt":1635960573569,"integrity":"sha512-Sjd7pc6Gd8R7Oo3AjevFvQSvVPyzrfng+N+DPneuSAeVSVwJMa+hd28ccwdg3JmePqIsJf5gS97P1/0bBEE+/Q==","mode":438,"size":1043}}}