{"name":"keygrip","version":"1.1.0","files":{"HISTORY.md":{"checkedAt":1635960573516,"integrity":"sha512-6FGS7EeFyQE3q0fbf0UEg7B2Kngxn4TB0x5QCiN3V02w1k+pgsbTqzgy4KlnpA5YdCKiv0p+qdfqWahPBdi0sg==","mode":420,"size":451},"index.js":{"checkedAt":1635960573516,"integrity":"sha512-tZZ3rDwKEwhfJRCxjZi4GNRCJAHNC27ulq6yZTnxm9WC1qT8lY7Qwcf2iRu9VRSL2kJFD4D+UmoWzxzxdHIxxw==","mode":420,"size":1158},"LICENSE":{"checkedAt":1635960573516,"integrity":"sha512-3Jmhpsh0slbcI90GwHKAA1dJqw0Y53cmaA7j+M6uk5uAC1bhKRj5eYn3EL962iZqSC7WEZunRlLoypiXcsoAvg==","mode":420,"size":1122},"package.json":{"checkedAt":1635960573516,"integrity":"sha512-uXxomK7Cyb5+R6NPx0S9QAIlkq0xFT2P6xkGCrpPFwQkLKRsB06bJyz8Wvr+6MvG+EWaoJZb1RxgsIXO9NmLkg==","mode":420,"size":597},"README.md":{"checkedAt":1635960573517,"integrity":"sha512-hPWbPFbBl0uKgLWJ5tSAK7GkJmhFptBqlunZZ3QDe3IcVfQyGkg397c9gM0vjdIDszSoI7bm6LhPxwUxMpVmSQ==","mode":420,"size":4157}}}