{"name":"yargs-parser","version":"13.1.2","files":{"package.json":{"checkedAt":1635960577693,"integrity":"sha512-lH1lwFTd3scwuX8ReB83iOpsCQpUIHoszUxVaae2bbDUgCBMit9fToUtYOf/2fS/2fMLy00AmaaeAdE8JBHUKg==","mode":420,"size":934},"README.md":{"checkedAt":1635960577693,"integrity":"sha512-6XCbZRdgOqkpaNARW6nUBCXLieMWa4DbcaEa6pydVCQmFyFvD69A4t/g426HXw/WxcLF1/k3irSfU2rruIuhXw==","mode":420,"size":9157},"index.js":{"checkedAt":1635960577696,"integrity":"sha512-9/763K1Hpk/wThdlOAcCY8/W4j60/jWG4IEx7WKnn0H2svApBfjEjZ50NvBB9dCEfPHggCD13mRP38OpCEF7MA==","mode":420,"size":27820},"LICENSE.txt":{"checkedAt":1635960577590,"integrity":"sha512-EToPsaeTn1m/hKKaWONJhwqjvIWvra5CjWMax+yCWLrIN1/jFSLwPkhN68ViQwYDuut9KCVnGRQKJuxayn6RBA==","mode":420,"size":731},"CHANGELOG.md":{"checkedAt":1635960578273,"integrity":"sha512-7v9GeIQwOna9MPnXF/aFPCg5Yd60uOIAdQ6Acu5HJIbX/yG0vS3Agyox1JZ9yqCFyhuLM8jx3nVVzo3BwlTgtQ==","mode":420,"size":17621},"lib/tokenize-arg-string.js":{"checkedAt":1635960578273,"integrity":"sha512-0Xh5b78ICRtKwRUWSzgFH2ATdG46sGyH4r6wlQxgvVwrYInKFtBUFcf1ttEr/sBF/P94pZCPKQTdAdZ5WZleEg==","mode":420,"size":854}}}