{"name":"balanced-match","version":"1.0.2","files":{"index.js":{"checkedAt":1635960575040,"integrity":"sha512-On+I14WfZSKe2XPS92lPrfgetskE+fzKficLb9X1QFKvV3icK7v09X2e3vLNf/ywEfZm9DoNbjt3blnFcmqUHw==","mode":420,"size":1219},"package.json":{"checkedAt":1635960575040,"integrity":"sha512-Sc4WoEcmCNFuCSsGAoqFTlyA+94wAG/btgiNrpF3Dvh5ZaMvbockdxn7eYH+w969whabnfEY1n1lalN4Yg25wQ==","mode":420,"size":1069},"LICENSE.md":{"checkedAt":1635960575040,"integrity":"sha512-OJZRzHJff6KN+0Xl3oTiMiEmGPStwYdEOVbIcl5WhPOd0lvwQPlVE9F2de0t5xiPoRDmabkZh62VapXCJKzCUQ==","mode":420,"size":1096},"README.md":{"checkedAt":1635960575040,"integrity":"sha512-1aLuAwBwaFDuKgITe09b0qLG7m3apKOatp9257NArTfHQsR755gSKZhacBKxoXWYEvootkJFOzvbEpS3r3il8A==","mode":420,"size":3502},".github/FUNDING.yml":{"checkedAt":1635960575040,"integrity":"sha512-0gDr7nLxDDZ91NG6c++h87vNoDSkjotzVezJvS6yQazB3wQxYOThpd1rIqe3ImbLkKGJ6bR+bLkBKwQKayTYcQ==","mode":420,"size":53}}}