{"name":"process-nextick-args","version":"2.0.1","files":{"package.json":{"checkedAt":1635960574484,"integrity":"sha512-ZJXMBOqzsFoturx5BnAMoHLgcXGdFFpAPLoE7t3cdwBsmSXGgpI7EuYBleubtENX5ofsioifuD6g95EIf+lelA==","mode":420,"size":578},"index.js":{"checkedAt":1635960574484,"integrity":"sha512-68FhVmcwOzUXwzD60NF7oOtHNp0Pm537BRt70vBIHC2IX0UYpZptBNGLwUd5Valz2Ed9qAe4Kw7Ue5pGG51vHw==","mode":420,"size":1083},"license.md":{"checkedAt":1635960574485,"integrity":"sha512-Xm5PTOiImOsmOpmZ4kcw8jJTVX6R7l1oUB0hMPFUh7vloiw0ufXEGhCfUmsHWwWW+fl2FbmpDDNt0F0fGn14IQ==","mode":420,"size":1064},"readme.md":{"checkedAt":1635960574485,"integrity":"sha512-cwoFuY3H7kzvWzslHlJc5mrWQqnErdW5vC3Mt91Yh1Z+S7TNO9J+gHfUSO+ktQUYGn4kyXogOZD1sSIbWrHjfg==","mode":420,"size":450}}}