{"name":"setprototypeof","version":"1.1.1","files":{"index.d.ts":{"checkedAt":1635960572209,"integrity":"sha512-DS8yCXKYh/pZjbbttyDyJ66N+0/buJ34BR7eaaA45Hkl7qadfzE2VQAZzG5xP9sta9zRvoKTGBJHro7eHXD+cA==","mode":420,"size":93},"LICENSE":{"checkedAt":1635960572209,"integrity":"sha512-VjzuMZnrO+c+8UVnuezGZlEM8Ae3aLTlPsK1+EuOCRUAclhQEsvBhuKCr0nf6OKxTTAf0OPGcFoBV2ItQ4ChbA==","mode":420,"size":727},"test/index.js":{"checkedAt":1635960572209,"integrity":"sha512-SVCtTGyBr+EKHFaWpf2wVvgmGVotu6lY62Etw6cn5QFWkB+V5GeBk29bi4S7+4qSZOwiEPvcl4wJ76ELO4wZPQ==","mode":420,"size":690},"package.json":{"checkedAt":1635960573662,"integrity":"sha512-eOvG3qMreRvkJ7DTE3Kv88/xgDBmmPL/+508zNS8diqp4k1C6mv8hHLBMGvus7+DGhrOeRgCFOV2ckl5RsAgew==","mode":420,"size":1169},"index.js":{"checkedAt":1635960573662,"integrity":"sha512-gBlk0Tmn9FAu4vW82c3k+HGnPz9sfyZzkcWS3wRn4PThot66Yl8UCmyL9ODFfTV33AoUil/4VHO8hz8qhUss1Q==","mode":420,"size":384},"README.md":{"checkedAt":1635960573662,"integrity":"sha512-r9uTFI/5SA/sh88ZDD0v0U2QzvXlzBbc5vFiv3/t3ZWi4KMr7jgNDPXBpg8AF0n4BXu2Bi1LZ3K9ebNBVC9wfA==","mode":420,"size":850}}}