{"name":"semver","version":"6.3.0","files":{"LICENSE":{"checkedAt":1635960572966,"integrity":"sha512-P6dI5Z+zrwxSk1MIRPqpYG2ScYNkidLIATQXd50QzBgBh/XmcEd/nsd9NB4O9k6rfc+4dsY5DwJ7xvhpoS0PRg==","mode":420,"size":765},"range.bnf":{"checkedAt":1635960575055,"integrity":"sha512-QFWaLEiQU1s/JlrBiOQMDjjkPPmcgrV2EXQZ398F8wdbGszuVgmkqJC/yPJ5zEDXGKsgFteRUnpGI4Ed4TLnGw==","mode":420,"size":619},"bin/semver.js":{"checkedAt":1635960577536,"integrity":"sha512-yib+9lgcxVHtNxUKLgcLZE8tP1RgyBhzlArzSv4CDyLZ6X+WN/9K1BdMB9J6/GvgF2Zlt6d14Xevs87htMc3eg==","mode":493,"size":4717},"semver.js":{"checkedAt":1635960577537,"integrity":"sha512-PBOfxjR4GQlJ8mxOgpaMCseJbwxQJTApmeFtfle9mupxrWsVCNY61FBd5cVL+l1bfSSpvwXatyo6JuH4KPYOcg==","mode":420,"size":42130},"package.json":{"checkedAt":1635960577537,"integrity":"sha512-KU+94eLGAgracwJSNbvdoyHqDOZl6bzvXywz8v7KVi02lEu/VDBA4mRYMaYAEcSc2JOsirf8cTmlcjcnhsW5CA==","mode":420,"size":559},"CHANGELOG.md":{"checkedAt":1635960577537,"integrity":"sha512-KmwN8QlroEh2xYn2X6o/3m0/Pn/MMrOvVc0wVf28nvPRAUKtyid5BhRE348Fxpd+k+7Q3HwZuCt7gSzi94CqtQ==","mode":420,"size":1307},"README.md":{"checkedAt":1635960577749,"integrity":"sha512-G/1daJ4BXETrvJeOBMqO88GX7JH+futQus7cxgQjNHrUPj2dnRs/A6DbhkZyAnArFYU9acjWOIOQvRATC9SMbA==","mode":420,"size":16974}}}