{"name":"debug","version":"3.1.0","files":{"package.json":{"checkedAt":1635960573582,"integrity":"sha512-qyEq3Ve9WOPQXGObGa50SSscsm4wXu0/8aBM0uOGchfYUv2s7cbUTdJmivSwg6tWuMEgEgtOkDoJ5uNiEukqrQ==","mode":420,"size":1021},".npmignore":{"checkedAt":1635960573582,"integrity":"sha512-/X9tNlgLn52UJH+07DmMe/53FTmdEaHW+h78UelUBe6PXmVZxYYbDQMqtCXw3iTH6Eu0wDWU5xX6Ic1HRhpptA==","mode":420,"size":72},"README.md":{"checkedAt":1635960573762,"integrity":"sha512-8ZvrHSirajnBG0k7r5TUBDYHaHuFCubfvR82W4vBpYs3ZV+W3+Qb/3qqA9G7a9BRWWI/jQL5LLjWP3NanIZxlg==","mode":420,"size":19827},"LICENSE":{"checkedAt":1635960572448,"integrity":"sha512-R7YS706T8a9iiR4pXp+6wF4Czxcm9Ww2+tUxQ3bijLyvfINVUnvAvaVMJsvgl7yMpctPeaqeOrbx2HXcpB1KrA==","mode":420,"size":1107},"karma.conf.js":{"checkedAt":1635960573763,"integrity":"sha512-rWUTLtb2dfbzGP76NvTmwj8/9NxH0CV19tW+97BioukK6hpD3VMnwlZb49g0yWn/KuPv2yrdSpWIgqbwVvZZ6g==","mode":420,"size":1736},"node.js":{"checkedAt":1635960573763,"integrity":"sha512-YTZ+wq/5NJ4gOilf4bwo+t3G2AtVZmD1bqSdZiXWIoIS/oLXOYEUUJo7jZrUAmQp8Ou4SVecdIGSj0fzfIYy1Q==","mode":420,"size":40},".eslintrc":{"checkedAt":1635960573763,"integrity":"sha512-LaG9y8SgXecWRCLW6BjHlFq3Fszuyv9cYN+HEmEEt6mLklPmUSVqbFXaBcIhvU4tNTak5RTiQydrwXa65PNVcg==","mode":420,"size":219},"Makefile":{"checkedAt":1635960573763,"integrity":"sha512-K2Yfv29g8ksqa3MKAEkqwDj42U7ZglWwH36v7//e7ZRpmAp15CxC8ea3RjNh9sa6DAmc0eHrIZxOQj09vgTf7g==","mode":420,"size":1234},".coveralls.yml":{"checkedAt":1635960573763,"integrity":"sha512-vT8jpNRKXfMq42J31VvzM11OiilUsq4tsxZ5lgWLjG0edMLdndLJNLwdcMFcAm/AdaU9R+e4VnUAR/uG9rIvWA==","mode":420,"size":46},".travis.yml":{"checkedAt":1635960573763,"integrity":"sha512-4YHWxbqKSD4LmFqf4GJsNbLS0h/kjE7TtGe2mC52DXXkhaEJ5jCNckGgB1/nyyetG1bxppkwAIINLsuafGwzRw==","mode":420,"size":185},"CHANGELOG.md":{"checkedAt":1635960573764,"integrity":"sha512-2AsoaWUhxEvEM9cxobnKuoMzndhyhb8IcY232YPtw/B6WFWWTTboJ1r+4x4TkB9DUoWc3tlyFZ6SQO/CdUhaRA==","mode":420,"size":12950},"src/browser.js":{"checkedAt":1635960573764,"integrity":"sha512-YO5zr4Nql/Z191QE1lUfAp9YV3MIh9FZPMmeqpYmPx5UK0wVZCYluP8QHO6S7y9n43G6BSPTF+L0zFZRfVgzyQ==","mode":420,"size":5707},"src/debug.js":{"checkedAt":1635960573764,"integrity":"sha512-Zv/CaqxUMf8W4a5gRnKL1OQw49EzHiE8OFGEyj635343kWk6uK0otoYFGWr9mhm3fBaHaFZ0CG56hbgF+sdXHw==","mode":420,"size":4889},"src/index.js":{"checkedAt":1635960573764,"integrity":"sha512-DX94XE82ATY044h3Vq8g5O3H7MkClUh3lL6heVA1vkbW8YtyTh6hAF0VMxBRmYg8Eer4oTE7+yEjWOHZJOfvPg==","mode":420,"size":263},"src/node.js":{"checkedAt":1635960573934,"integrity":"sha512-j9Hli2k0Jo3Bao8QcE8Zq5eSVWTqZ9KW/UfZ4lJNDu2+2505QpLZbO1lK2wOHkKdIrgWL9qfx7Z2CwGN6bohtA==","mode":420,"size":4339}}}