{"name":"yargs","version":"13.3.2","files":{"LICENSE":{"checkedAt":1635960577420,"integrity":"sha512-tUbQMJJEcMZi+WKxkNWcxmSKd3zHNVzO0TJ+8zl4o6lVZ7KOw3ze4AJHfAh4BZMkqH7gl2xRKPj7NgXQKS/8og==","mode":420,"size":1199},"lib/apply-extends.js":{"checkedAt":1635960577420,"integrity":"sha512-jBvZVXC8OE2+eGC0s7k5ttMJc1zpjW9QMVbM4hIZJgmVIfxT2ntyn0g73XUakVaOpq+eMwPYXbQXs7NxaRYjoQ==","mode":420,"size":1488},"lib/argsert.js":{"checkedAt":1635960577420,"integrity":"sha512-tFVgt7OvLJKMbFC106Y9uMdKWtqpz1tajqahFfLPcJHdYxB73wNDMrB8PAWrtg5LEfPd2PwaJnTEG4LjzSdyHA==","mode":420,"size":2416},"lib/command.js":{"checkedAt":1635960577682,"integrity":"sha512-aRK3TasPDT2T9edTa/H0j+aYT8Pg2lUX3LtIZNcmvAzAXuEirJWIZrtr2TW0T36Hqqqt7EAGadd5Eiggc8MOZA==","mode":420,"size":14958},"lib/completion-templates.js":{"checkedAt":1635960577682,"integrity":"sha512-nCH/DdUvnm+1LTn/Sv5hrDN4ypZaIt6T75i6qy2fRHPsZLk2mBlDhC31r6YUmTlrXHFrhK6fWZaYFTw96cutXg==","mode":420,"size":1381},"lib/completion.js":{"checkedAt":1635960577947,"integrity":"sha512-ZhOYwrXLxeMBd0AafAqXZMv9PyV2Cog6m6ksQ74H/E+2faJNDTbe4Oselq/5Re7RMm499gmvcbrEQpE/R6WP0A==","mode":420,"size":3905},"lib/decamelize.js":{"checkedAt":1635960577947,"integrity":"sha512-1vpGRg3nyiNcph3kVz82U1U9p8CFqCL1CICFEy7nOkPg1yht1MJQb1stLJsxORs3TETpSYQctftc7q6M1gI2GA==","mode":420,"size":1385},"index.js":{"checkedAt":1635960577947,"integrity":"sha512-+gLVCvM4MPK5Ms0sKQafvORXj7I1Wn8bDRQfyGjpLItP/f4g3YCLkookalWKEsninAwHUD6diTe6gcgaj8g4uQ==","mode":420,"size":860},"lib/is-promise.js":{"checkedAt":1635960577947,"integrity":"sha512-QZiTDgMJ15XU0On31jXw/yCJy4nntF6KAkMwPRzr9KpdsQ+d+exS8FF/UzcHJ5tDCcvvTxdIn1wKqupxFao8EQ==","mode":420,"size":96},"lib/levenshtein.js":{"checkedAt":1635960577947,"integrity":"sha512-I3AIxEhCA3WaeY811dxC/XidXNwGYzTnxfT8ZZsVLw2JrNC/3sLYZSGuh8TnJHHEypg/ZdUBCanJwA1GkFZk5g==","mode":420,"size":2121},"lib/middleware.js":{"checkedAt":1635960577947,"integrity":"sha512-XR2qlmnagtxhsZRexWDbvDMwH/EgQBmIZt+Vq6b9FdYU1EkQzxRcNc7ed2g159Y4XAxzvxaGw3jhbivi2lkBwg==","mode":420,"size":2201},"lib/obj-filter.js":{"checkedAt":1635960577947,"integrity":"sha512-Y37OLGrQTwo6OpDjMKGCXkXwnctFCXPI668/rCdTmkdag4dsUWZYK4yKzPD5UCBYgQXLAdeu4hbF5OzjDuU5Ww==","mode":420,"size":269},"lib/usage.js":{"checkedAt":1635960578191,"integrity":"sha512-aLuwAnjVHExTp9rjZCloZf5UWsCc1xCOyHQf0LHezUS5NB4l5NUduddOLsUgAyQhjR/9mGLUECuvqfPEbhnzYg==","mode":420,"size":15500},"lib/validation.js":{"checkedAt":1635960578191,"integrity":"sha512-EY+r9WnJ9hjskYAxEqd6B6bfyixRibe+Ta5GuQx4dKvwIKJdu9syVfBri9UV7Yn++8OspM4Lp1ChYS/nDa7vwA==","mode":420,"size":10083},"yargs.js":{"checkedAt":1635960579989,"integrity":"sha512-7t1cT3Ou7mOakmrtp+6xQgsePdYvPu9ouNQCCQidAFuvO1aEPdiz1GNY6uDpYyba/3nQidFgvfo6ITHYyR4IlQ==","mode":420,"size":37483},"lib/yerror.js":{"checkedAt":1635960579989,"integrity":"sha512-WwVwcbHE0FMfhrg6wIREIqNZ2fM9R/KzxU9oD/puOLzdcTLCw7HfFCTBA7FnDdkSWM8NQMnapb81LTmPABeV5Q==","mode":420,"size":254},"locales/be.json":{"checkedAt":1635960579989,"integrity":"sha512-nczmUTifpISLgjjRmUoVbQ31nQ9WvcMGxGoWZp99kd07wHwYuCylNvYmYcLVJKVE3TIWLpq4DqVmuNRKZnuyvw==","mode":420,"size":2258},"locales/de.json":{"checkedAt":1635960579989,"integrity":"sha512-dznQy2enBa6GHgOk166B1M+5NSN9jgyL0Ji3zydPOC3P/U2VNDbJmGyRaeF2841lNuTV2fsRZKoQHcKhBr2nmg==","mode":420,"size":1568},"locales/en.json":{"checkedAt":1635960579990,"integrity":"sha512-JnxYw5qFV8bKHFsE6IIZTORwXQXuXq+xIPQSNYPyMrUUavRwAiDk2XeBx9+novlQnnmNgviymRmdTUT2H2BNuw==","mode":420,"size":1648},"locales/es.json":{"checkedAt":1635960579990,"integrity":"sha512-SvApdIlDAyc8tmO3oKZKRI0tKSMFahrEiOmLVrzpDearfiR26FjayPLtnZgTxIvMZRe8cVABeLObpYsO0j3/lg==","mode":420,"size":1639},"locales/fr.json":{"checkedAt":1635960579990,"integrity":"sha512-t61Z2xv2z1/BvS4Ac816St2U3UtgfJjEs1ffU3rPzI9NAo/bEX0vazA1TEdbK4c6cwEl8afwaKinlotkqz2Uig==","mode":420,"size":1511},"locales/hi.json":{"checkedAt":1635960579990,"integrity":"sha512-gPL+jitC/UhN3NEun7F9yjwdr8IkbSPkcgEi+SuZdaNT5oqBd7QzOq0pHmEl+mZOhYKBa0MWYfdjVS1kdCaW1g==","mode":420,"size":2645},"locales/hu.json":{"checkedAt":1635960579990,"integrity":"sha512-OdgsIfjsQoay4sPzCIDdCY22bDi1KgZbat4E10mrgEjLD8VTR5SF0dENMM+l6fXZT6K0WaNntr0FvN4+MBZ5tw==","mode":420,"size":1653},"locales/id.json":{"checkedAt":1635960579990,"integrity":"sha512-2D1Vs0ns2V+Zs0SordtbgV0gnOakKd+Zv1HSp/Vj5RisT91e7rFYOJJVFzBOU8fC1Ojn28L761GtJOGtMQd+zA==","mode":420,"size":1639},"locales/it.json":{"checkedAt":1635960579991,"integrity":"sha512-j5faHI6fP5t1QoEuz4Z4iDr0CJun4ATSdE6na5zKjA9+TWxHTu0LcbX3/eQy66SKRjA/XNERnv9Xt9sRxS8+NQ==","mode":420,"size":1617},"locales/ja.json":{"checkedAt":1635960579991,"integrity":"sha512-Hkh3Ws+jF8GYmklG34210zu4juQu6BnwtkVkX0kOj7nVT/ImF0BKrBmthcur7AL9c00P0hyXlzalrqWM2rHTaw==","mode":420,"size":2030},"locales/ko.json":{"checkedAt":1635960579991,"integrity":"sha512-dcZ1Yj/UwA4ugQs2wg2jH0yNc2XPahLHdhSeE1O5h4Twsb6ceBtJ0raB2HvS+0irSkRTGYGt2IpH7MqYm7Cadg==","mode":420,"size":1964},"locales/nb.json":{"checkedAt":1635960579991,"integrity":"sha512-BqpRJhYblljCArEzRwt2SKwiCJITgYJ0mRZoPdFpviW/ykQBOzX+HJMaCZwGsYP1eRABEihVEF0acd+wwrLtcA==","mode":420,"size":1467},"locales/nl.json":{"checkedAt":1635960579991,"integrity":"sha512-IMrn62CGyJiIQ+nBso+AxI4YaszMhpT61DGjX/5RBB3U90OurL4VZ5JMbxk9S7SciwkOZbasMc4Vr/vAHv8WVw==","mode":420,"size":1742},"locales/nn.json":{"checkedAt":1635960579991,"integrity":"sha512-gpxURFy1p0AQA5Xv1CA1mWoqX0AJ+gXcHKxeDFpa829qSrlx23mnQ34LvoawiCJybOi4GyyI1OPN1WQ+SR3k+g==","mode":420,"size":1459},"package.json":{"checkedAt":1635960579991,"integrity":"sha512-7gt1BnjDSgX+AJ+QLyY60DNfa7zyVftl6uhHX+FZ6AFSiEk+VI2jXyBAYV5yoDEKoS+jshXTpusmRY2LEaVK3g==","mode":420,"size":1740},"locales/pirate.json":{"checkedAt":1635960579991,"integrity":"sha512-fLbTFG8/W+2Jattq6/Dt7oj0Oabt9KKmwJHCx7p4tY5OkFnjxvj5lF6lFNna+IbzDClnE7ZcORzp3DfYdnicSw==","mode":420,"size":569},"locales/pl.json":{"checkedAt":1635960579991,"integrity":"sha512-nHbBbsGIR3mIZHOrvxdcyR/SqwqO+PXpp4s7yU4elolkzjcKQ3qf+4FjmXECdjVU7RERqahT6JJV0/mNNHBcmg==","mode":420,"size":1835},"locales/pt_BR.json":{"checkedAt":1635960579991,"integrity":"sha512-61vLbOdMPFILSCqgTKCdvlW7MbzpTHr5PmeqamxPQne6htnOJ8boQaiil5qKEGIeGp8f/FBMlpNieJdruh9DAA==","mode":420,"size":1750},"locales/pt.json":{"checkedAt":1635960579991,"integrity":"sha512-yT7HE5Fh0qV6Ei5LEAcI1T3r8s9b99FuwbRtDMmXntd3vhPNTQHHpqztPqzrPH/pFXYwwbttMV98VhQ/HNFYIA==","mode":420,"size":1681},"locales/ru.json":{"checkedAt":1635960579991,"integrity":"sha512-cBJ+JjFStlllQ21RrY4CNQxk5crOV4w7tS/JTgF2e0Dx1jhUU4avUuIGyohzKQbk57ap8EjE42A251ODb5TlbA==","mode":420,"size":2326},"locales/th.json":{"checkedAt":1635960579991,"integrity":"sha512-8yi8V6M0cC5k6TngBKBAv0Z50umWFTqwN7GzIH0fCiDgm0ukFrZ3LgRvhqP6lPX3p4mBoUuNn/j+Gcq5gKJS8w==","mode":420,"size":2704},"locales/tr.json":{"checkedAt":1635960579991,"integrity":"sha512-CHMMIbolisLuObdBm4l8LHmv+zH2tT7FQ0pjwV8rV6/nGOUc3wRtyb9mAm1ruIcw8uVl/iOWfNR67N1Cs6dk2Q==","mode":420,"size":1687},"locales/zh_CN.json":{"checkedAt":1635960579991,"integrity":"sha512-L++yCbZcNuFOphHPI7gMe8buuppcJMeLyu2lyhrhHqsA+nearKO/FuCh+6S2Nqb7RDJgCXyErB4L0K5WwWk/2Q==","mode":420,"size":1686},"locales/zh_TW.json":{"checkedAt":1635960579991,"integrity":"sha512-J4n9Kvut6pr89rmWKK85ZygXhDCzOdwq5hlxQIy4WaskOsBk4aVTVxrL705yCn9DZ0eL9EBXal2ix2pEaVAnSw==","mode":420,"size":1614},"README.md":{"checkedAt":1635960581234,"integrity":"sha512-lilzguR2Sw7ZVR0s91psggXwCnHmofzG0uYWcH4+uO4fagWCE6eo2RiPlI3XkDAJBzdPBT0+Rzh4Cp7OGq44fA==","mode":420,"size":3488},"CHANGELOG.md":{"checkedAt":1635960581234,"integrity":"sha512-U8+2ijAFd8feSEfclpLmjboJfAqP+Wdr/L5cXgjm0Io1veHJPs/FnzY8At3MpdblWvuQcU1a8+FWnlzR6Eq3+A==","mode":420,"size":87039}}}