{"name":"anymatch","version":"3.1.2","files":{"LICENSE":{"checkedAt":1635960574685,"integrity":"sha512-5MbDe/MahR0uiyENpI3UjSTuAH7G8lF/0m+TNUaeDnD/z3ZW5bSph1XyPR1jcwvNY45Q24Cd9ov9i50vWYY3Tg==","mode":420,"size":784},"index.js":{"checkedAt":1635960574685,"integrity":"sha512-oCcpE7X2IPaC16y8PzWQCIjCSVItDA799tsy23om9XmMRq1tVY0v+vls88xSL8ChbzybNoKSBlhwMoSElo4MIA==","mode":420,"size":3173},"package.json":{"checkedAt":1635960574685,"integrity":"sha512-U83y2t2f1k40KrCaxhQEZsPaRUraVmR7lOKRFZsUVfLJiOwBqgUEkX6T3vZumcbbDYbjx0nUwgpGVLi35Kn2VQ==","mode":420,"size":904},"README.md":{"checkedAt":1635960574685,"integrity":"sha512-3SDbGbRlGW1TlIqB9QgmRnpNBVRqVP9wNR7UCoxIa6LjWnTMlspHkWxp/fYqcmSuMia8PYzZmTjybajkS6aiIA==","mode":420,"size":4023},"index.d.ts":{"checkedAt":1635960574685,"integrity":"sha512-14s/LRlU1YaKyDSjrY/YuCtCGwEZfB9FP1v4B+CWnfDIGvkxseNg7DTp+Inj4dKYXLPi5G5f2IqXU34AQF7CdA==","mode":420,"size":660}}}